year,net_weight_tons,primary_value_usd,tariff_rate,brand,total_sales,us_produced,mexico_produced,japan_imported,origin,share_us_produced,share_mexico_produced,share_japan_imported,target_japan_relocation_intensity,total_light_vehicle_sales_million,us_auto_employment_thousands,us_auto_price_index_1982_100,us_chip_output_index,us_chip_output_billions,global_chip_output_billions,us_global_share_pct,global_chip_demand_index,china_import_dependence_pct,r_and_d_intensity_pct,capex_billions,policy_support_index,export_control_index,supply_chain_risk_index,chips_subsidy_index,export_control_index_policy,reshoring_incentive_index,rd_investment_billions,policy_uncertainty_index,target_supply_chain_risk_score,total_imports_usd,total_tariff_revenue_usd,effective_tariff_rate,weighted_avg_tariff,china_imports_usd,china_tariff_revenue_usd,china_effective_tariff_rate,avg_tariff_rate,china_tariff_rate,row_tariff_rate,expected_revenue_billions,import_elasticity,target_tariff_revenue,target_tariff_revenue_scenario,gdp_growth,industrial_production,unemployment_rate,cpi,real_gdp_growth,industrial_production_index,cpi_index,core_inflation_rate,federal_funds_rate,real_investment_growth,dollar_index,treasury_yield_10y,sp500_index,crypto_index,manufacturing_va_share,manufacturing_employment_share,reshoring_fdi_billions,retaliation_index,tariff_index,china_tariff_index,row_tariff_index,china_tariff_coverage_pct,z_manufacturing_va_share,z_manufacturing_employment_share,z_reshoring_fdi_billions,manufacturing_reshoring_index,target_manufacturing_reshoring_index
2010,53374564.21,24435060769.0,0.03,,,,,,,,,,,,,,,,,,,,,,,,,,,,,,,,,,,,,,,,,,,,,,,,,,,,,,,,,,,,,,,,,,,,,,,
2011,50812302.676,28811457683.0,0.03,,,,,,,,,,,,,,,,,,,,,,,,,,,,,,,,,,,,,,,,,,,,,,,,,,,,,,,,,,,,,,,,,,,,,,,
2012,42995633.888,24704375009.0,0.030000000000000002,,,,,,,,,,,,,,,,,,,,,,,,,,,,,,,,,,,,,,,,,,,,,,,,,,,,,,,,,,,,,,,,,,,,,,,
2015,,,,Toyota,1841000.0,368200.0,644400.0,828400.0,Japan,0.2,0.3500271591526344,0.4499728408473655,0.2,17.857,970.5,145.8,100.0,43.55,335.0,13.0,100.0,12.0,17.0,25.0,3.0,1.0,25.0,0.5,1.0,0.5,0.5,30.0,25.0,2248811400000.0,34300000000.0,1.53,1.4,483201700000.0,6786823800.0,1.4,,,,,,34300000000.0,,2.5,100.0,5.5,240.0,2.5,100.0,240.0,2.0,0.5,2.749080237694725,95.0,2.2,2100.0,400.0,12.0,9.5,10.0,0.0,1.53,1.4,1.5655776370055057,0.0,1.6666666666666643,1.8378003265209897,-1.0772457717355233,0.8090737404840436,0.8090737404840436
2015,,,,Honda,1287000.0,257400.0,450450.0,579150.0,Japan,0.2,0.35,0.45,0.2,17.857,970.5,145.8,100.0,43.55,335.0,13.0,100.0,12.0,17.0,25.0,3.0,1.0,25.0,0.5,1.0,0.5,0.5,30.0,25.0,2248811400000.0,34300000000.0,1.53,1.4,483201700000.0,6786823800.0,1.4,,,,,,34300000000.0,,2.5,100.0,5.5,240.0,2.5,100.0,240.0,2.0,0.5,2.749080237694725,95.0,2.2,2100.0,400.0,12.0,9.5,10.0,0.0,1.53,1.4,1.5655776370055057,0.0,1.6666666666666643,1.8378003265209897,-1.0772457717355233,0.8090737404840436,0.8090737404840436
2015,,,,Nissan,1333000.0,266600.0,466550.0,599850.0,Japan,0.2,0.35,0.45,0.2,17.857,970.5,145.8,100.0,43.55,335.0,13.0,100.0,12.0,17.0,25.0,3.0,1.0,25.0,0.5,1.0,0.5,0.5,30.0,25.0,2248811400000.0,34300000000.0,1.53,1.4,483201700000.0,6786823800.0,1.4,,,,,,34300000000.0,,2.5,100.0,5.5,240.0,2.5,100.0,240.0,2.0,0.5,2.749080237694725,95.0,2.2,2100.0,400.0,12.0,9.5,10.0,0.0,1.53,1.4,1.5655776370055057,0.0,1.6666666666666643,1.8378003265209897,-1.0772457717355233,0.8090737404840436,0.8090737404840436
2015,,,,Ford,1240000.0,930000.0,124000.0,186000.0,US,0.75,0.1,0.15,0.75,17.857,970.5,145.8,100.0,43.55,335.0,13.0,100.0,12.0,17.0,25.0,3.0,1.0,25.0,0.5,1.0,0.5,0.5,30.0,25.0,2248811400000.0,34300000000.0,1.53,1.4,483201700000.0,6786823800.0,1.4,,,,,,34300000000.0,,2.5,100.0,5.5,240.0,2.5,100.0,240.0,2.0,0.5,2.749080237694725,95.0,2.2,2100.0,400.0,12.0,9.5,10.0,0.0,1.53,1.4,1.5655776370055057,0.0,1.6666666666666643,1.8378003265209897,-1.0772457717355233,0.8090737404840436,0.8090737404840436
2015,,,,Chevrolet,1750000.0,1312500.0,175000.0,262500.0,US,0.75,0.1,0.15,0.75,17.857,970.5,145.8,100.0,43.55,335.0,13.0,100.0,12.0,17.0,25.0,3.0,1.0,25.0,0.5,1.0,0.5,0.5,30.0,25.0,2248811400000.0,34300000000.0,1.53,1.4,483201700000.0,6786823800.0,1.4,,,,,,34300000000.0,,2.5,100.0,5.5,240.0,2.5,100.0,240.0,2.0,0.5,2.749080237694725,95.0,2.2,2100.0,400.0,12.0,9.5,10.0,0.0,1.53,1.4,1.5655776370055057,0.0,1.6666666666666643,1.8378003265209897,-1.0772457717355233,0.8090737404840436,0.8090737404840436
2015,,,,Hyundai,761000.0,152200.0,266350.0,342450.0,Korea,0.2,0.35,0.45,0.2,17.857,970.5,145.8,100.0,43.55,335.0,13.0,100.0,12.0,17.0,25.0,3.0,1.0,25.0,0.5,1.0,0.5,0.5,30.0,25.0,2248811400000.0,34300000000.0,1.53,1.4,483201700000.0,6786823800.0,1.4,,,,,,34300000000.0,,2.5,100.0,5.5,240.0,2.5,100.0,240.0,2.0,0.5,2.749080237694725,95.0,2.2,2100.0,400.0,12.0,9.5,10.0,0.0,1.53,1.4,1.5655776370055057,0.0,1.6666666666666643,1.8378003265209897,-1.0772457717355233,0.8090737404840436,0.8090737404840436
2015,,,,Kia,625000.0,125000.0,218750.0,281250.0,Korea,0.2,0.35,0.45,0.2,17.857,970.5,145.8,100.0,43.55,335.0,13.0,100.0,12.0,17.0,25.0,3.0,1.0,25.0,0.5,1.0,0.5,0.5,30.0,25.0,2248811400000.0,34300000000.0,1.53,1.4,483201700000.0,6786823800.0,1.4,,,,,,34300000000.0,,2.5,100.0,5.5,240.0,2.5,100.0,240.0,2.0,0.5,2.749080237694725,95.0,2.2,2100.0,400.0,12.0,9.5,10.0,0.0,1.53,1.4,1.5655776370055057,0.0,1.6666666666666643,1.8378003265209897,-1.0772457717355233,0.8090737404840436,0.8090737404840436
2015,,,,Subaru,582000.0,116400.0,203700.0,261900.0,Japan,0.2,0.35,0.45,0.2,17.857,970.5,145.8,100.0,43.55,335.0,13.0,100.0,12.0,17.0,25.0,3.0,1.0,25.0,0.5,1.0,0.5,0.5,30.0,25.0,2248811400000.0,34300000000.0,1.53,1.4,483201700000.0,6786823800.0,1.4,,,,,,34300000000.0,,2.5,100.0,5.5,240.0,2.5,100.0,240.0,2.0,0.5,2.749080237694725,95.0,2.2,2100.0,400.0,12.0,9.5,10.0,0.0,1.53,1.4,1.5655776370055057,0.0,1.6666666666666643,1.8378003265209897,-1.0772457717355233,0.8090737404840436,0.8090737404840436
2015,,,,Mazda,319000.0,63800.0,111650.0,143550.0,Japan,0.2,0.35,0.45,0.2,17.857,970.5,145.8,100.0,43.55,335.0,13.0,100.0,12.0,17.0,25.0,3.0,1.0,25.0,0.5,1.0,0.5,0.5,30.0,25.0,2248811400000.0,34300000000.0,1.53,1.4,483201700000.0,6786823800.0,1.4,,,,,,34300000000.0,,2.5,100.0,5.5,240.0,2.5,100.0,240.0,2.0,0.5,2.749080237694725,95.0,2.2,2100.0,400.0,12.0,9.5,10.0,0.0,1.53,1.4,1.5655776370055057,0.0,1.6666666666666643,1.8378003265209897,-1.0772457717355233,0.8090737404840436,0.8090737404840436
2015,,,,Volkswagen,349000.0,69800.0,122150.0,157050.0,EU,0.2,0.35,0.45,0.2,17.857,970.5,145.8,100.0,43.55,335.0,13.0,100.0,12.0,17.0,25.0,3.0,1.0,25.0,0.5,1.0,0.5,0.5,30.0,25.0,2248811400000.0,34300000000.0,1.53,1.4,483201700000.0,6786823800.0,1.4,,,,,,34300000000.0,,2.5,100.0,5.5,240.0,2.5,100.0,240.0,2.0,0.5,2.749080237694725,95.0,2.2,2100.0,400.0,12.0,9.5,10.0,0.0,1.53,1.4,1.5655776370055057,0.0,1.6666666666666643,1.8378003265209897,-1.0772457717355233,0.8090737404840436,0.8090737404840436
2015,,,,BMW,346000.0,69200.0,121100.0,155700.0,EU,0.2,0.35,0.45,0.2,17.857,970.5,145.8,100.0,43.55,335.0,13.0,100.0,12.0,17.0,25.0,3.0,1.0,25.0,0.5,1.0,0.5,0.5,30.0,25.0,2248811400000.0,34300000000.0,1.53,1.4,483201700000.0,6786823800.0,1.4,,,,,,34300000000.0,,2.5,100.0,5.5,240.0,2.5,100.0,240.0,2.0,0.5,2.749080237694725,95.0,2.2,2100.0,400.0,12.0,9.5,10.0,0.0,1.53,1.4,1.5655776370055057,0.0,1.6666666666666643,1.8378003265209897,-1.0772457717355233,0.8090737404840436,0.8090737404840436
2015,,,,Mercedes-Benz,343000.0,68600.0,120050.0,154350.0,EU,0.2,0.35,0.45,0.2,17.857,970.5,145.8,100.0,43.55,335.0,13.0,100.0,12.0,17.0,25.0,3.0,1.0,25.0,0.5,1.0,0.5,0.5,30.0,25.0,2248811400000.0,34300000000.0,1.53,1.4,483201700000.0,6786823800.0,1.4,,,,,,34300000000.0,,2.5,100.0,5.5,240.0,2.5,100.0,240.0,2.0,0.5,2.749080237694725,95.0,2.2,2100.0,400.0,12.0,9.5,10.0,0.0,1.53,1.4,1.5655776370055057,0.0,1.6666666666666643,1.8378003265209897,-1.0772457717355233,0.8090737404840436,0.8090737404840436
2016,70964487.501,32546265290.0,0.030000000000000002,Toyota,1878000.0,375600.0,657300.0,845100.0,Japan,0.2,0.35,0.45,0.2,17.88,975.2,147.2,99.6,43.39,339.0,12.8,101.2,11.5,17.2,26.0,3.0,1.0,25.0,0.5,1.0,0.5,0.6,35.0,25.0,2186785000000.0,34500000000.0,1.58,1.4,462420000000.0,6473880000.0,1.4,,,,,,34500000000.0,,2.4,101.0,5.3,244.0,2.4,101.0,244.0,1.6666666666666607,0.75,3.781428612819832,96.0,2.4,2200.0,600.0,11.9,9.4,11.0,0.0,1.58,1.4,1.6282702908027014,0.0,1.0000000000000009,1.2040760759965148,-0.8378578224609625,0.455406084511851,0.455406084511851
2016,70964487.501,32546265290.0,0.030000000000000002,Honda,1313000.0,262600.0,459550.0,591850.0,Japan,0.2,0.35,0.4507616146230007,0.2,17.88,975.2,147.2,99.6,43.39,339.0,12.8,101.2,11.5,17.2,26.0,3.0,1.0,25.0,0.5,1.0,0.5,0.6,35.0,25.0,2186785000000.0,34500000000.0,1.58,1.4,462420000000.0,6473880000.0,1.4,,,,,,34500000000.0,,2.4,101.0,5.3,244.0,2.4,101.0,244.0,1.6666666666666607,0.75,3.781428612819832,96.0,2.4,2200.0,600.0,11.9,9.4,11.0,0.0,1.58,1.4,1.6282702908027014,0.0,1.0000000000000009,1.2040760759965148,-0.8378578224609625,0.455406084511851,0.455406084511851
2016,70964487.501,32546265290.0,0.030000000000000002,Nissan,1360000.0,272000.0,476000.0,612000.0,Japan,0.2,0.35,0.45,0.2,17.88,975.2,147.2,99.6,43.39,339.0,12.8,101.2,11.5,17.2,26.0,3.0,1.0,25.0,0.5,1.0,0.5,0.6,35.0,25.0,2186785000000.0,34500000000.0,1.58,1.4,462420000000.0,6473880000.0,1.4,,,,,,34500000000.0,,2.4,101.0,5.3,244.0,2.4,101.0,244.0,1.6666666666666607,0.75,3.781428612819832,96.0,2.4,2200.0,600.0,11.9,9.4,11.0,0.0,1.58,1.4,1.6282702908027014,0.0,1.0000000000000009,1.2040760759965148,-0.8378578224609625,0.455406084511851,0.455406084511851
2016,70964487.501,32546265290.0,0.030000000000000002,Ford,1265000.0,948750.0,126500.0,189750.0,US,0.75,0.1,0.15,0.75,17.88,975.2,147.2,99.6,43.39,339.0,12.8,101.2,11.5,17.2,26.0,3.0,1.0,25.0,0.5,1.0,0.5,0.6,35.0,25.0,2186785000000.0,34500000000.0,1.58,1.4,462420000000.0,6473880000.0,1.4,,,,,,34500000000.0,,2.4,101.0,5.3,244.0,2.4,101.0,244.0,1.6666666666666607,0.75,3.781428612819832,96.0,2.4,2200.0,600.0,11.9,9.4,11.0,0.0,1.58,1.4,1.6282702908027014,0.0,1.0000000000000009,1.2040760759965148,-0.8378578224609625,0.455406084511851,0.455406084511851
2016,70964487.501,32546265290.0,0.030000000000000002,Chevrolet,1785000.0,1338750.0,178500.0,267750.0,US,0.75,0.1,0.15,0.75,17.88,975.2,147.2,99.6,43.39,339.0,12.8,101.2,11.5,17.2,26.0,3.0,1.0,25.0,0.5,1.0,0.5,0.6,35.0,25.0,2186785000000.0,34500000000.0,1.58,1.4,462420000000.0,6473880000.0,1.4,,,,,,34500000000.0,,2.4,101.0,5.3,244.0,2.4,101.0,244.0,1.6666666666666607,0.75,3.781428612819832,96.0,2.4,2200.0,600.0,11.9,9.4,11.0,0.0,1.58,1.4,1.6282702908027014,0.0,1.0000000000000009,1.2040760759965148,-0.8378578224609625,0.455406084511851,0.455406084511851
2016,70964487.501,32546265290.0,0.030000000000000002,Hyundai,775000.0,155000.0,271250.0,348750.0,Korea,0.2,0.35,0.45,0.2,17.88,975.2,147.2,99.6,43.39,339.0,12.8,101.2,11.5,17.2,26.0,3.0,1.0,25.0,0.5,1.0,0.5,0.6,35.0,25.0,2186785000000.0,34500000000.0,1.58,1.4,462420000000.0,6473880000.0,1.4,,,,,,34500000000.0,,2.4,101.0,5.3,244.0,2.4,101.0,244.0,1.6666666666666607,0.75,3.781428612819832,96.0,2.4,2200.0,600.0,11.9,9.4,11.0,0.0,1.58,1.4,1.6282702908027014,0.0,1.0000000000000009,1.2040760759965148,-0.8378578224609625,0.455406084511851,0.455406084511851
2016,70964487.501,32546265290.0,0.030000000000000002,Kia,637000.0,127400.0,222950.0,286650.0,Korea,0.2,0.35,0.45,0.2,17.88,975.2,147.2,99.6,43.39,339.0,12.8,101.2,11.5,17.2,26.0,3.0,1.0,25.0,0.5,1.0,0.5,0.6,35.0,25.0,2186785000000.0,34500000000.0,1.58,1.4,462420000000.0,6473880000.0,1.4,,,,,,34500000000.0,,2.4,101.0,5.3,244.0,2.4,101.0,244.0,1.6666666666666607,0.75,3.781428612819832,96.0,2.4,2200.0,600.0,11.9,9.4,11.0,0.0,1.58,1.4,1.6282702908027014,0.0,1.0000000000000009,1.2040760759965148,-0.8378578224609625,0.455406084511851,0.455406084511851
2016,70964487.501,32546265290.0,0.030000000000000002,Subaru,593000.0,118600.0,207550.0,266850.0,Japan,0.2,0.35,0.45,0.2,17.88,975.2,147.2,99.6,43.39,339.0,12.8,101.2,11.5,17.2,26.0,3.0,1.0,25.0,0.5,1.0,0.5,0.6,35.0,25.0,2186785000000.0,34500000000.0,1.58,1.4,462420000000.0,6473880000.0,1.4,,,,,,34500000000.0,,2.4,101.0,5.3,244.0,2.4,101.0,244.0,1.6666666666666607,0.75,3.781428612819832,96.0,2.4,2200.0,600.0,11.9,9.4,11.0,0.0,1.58,1.4,1.6282702908027014,0.0,1.0000000000000009,1.2040760759965148,-0.8378578224609625,0.455406084511851,0.455406084511851
2016,70964487.501,32546265290.0,0.030000000000000002,Mazda,325000.0,65000.0,113750.0,146250.0,Japan,0.2,0.35,0.45,0.2,17.88,975.2,147.2,99.6,43.39,339.0,12.8,101.2,11.5,17.2,26.0,3.0,1.0,25.0,0.5,1.0,0.5,0.6,35.0,25.0,2186785000000.0,34500000000.0,1.58,1.4,462420000000.0,6473880000.0,1.4,,,,,,34500000000.0,,2.4,101.0,5.3,244.0,2.4,101.0,244.0,1.6666666666666607,0.75,3.781428612819832,96.0,2.4,2200.0,600.0,11.9,9.4,11.0,0.0,1.58,1.4,1.6282702908027014,0.0,1.0000000000000009,1.2040760759965148,-0.8378578224609625,0.455406084511851,0.455406084511851
2016,70964487.501,32546265290.0,0.030000000000000002,Volkswagen,354000.0,70800.0,123900.0,159300.0,EU,0.2,0.35,0.45,0.2,17.88,975.2,147.2,99.6,43.39,339.0,12.8,101.2,11.5,17.2,26.0,3.0,1.0,25.0,0.5,1.0,0.5,0.6,35.0,25.0,2186785000000.0,34500000000.0,1.58,1.4,462420000000.0,6473880000.0,1.4,,,,,,34500000000.0,,2.4,101.0,5.3,244.0,2.4,101.0,244.0,1.6666666666666607,0.75,3.781428612819832,96.0,2.4,2200.0,600.0,11.9,9.4,11.0,0.0,1.58,1.4,1.6282702908027014,0.0,1.0000000000000009,1.2040760759965148,-0.8378578224609625,0.455406084511851,0.455406084511851
2016,70964487.501,32546265290.0,0.030000000000000002,BMW,351000.0,70200.0,122850.0,158950.0,EU,0.2,0.35,0.4528490028490028,0.2,17.88,975.2,147.2,99.6,43.39,339.0,12.8,101.2,11.5,17.2,26.0,3.0,1.0,25.0,0.5,1.0,0.5,0.6,35.0,25.0,2186785000000.0,34500000000.0,1.58,1.4,462420000000.0,6473880000.0,1.4,,,,,,34500000000.0,,2.4,101.0,5.3,244.0,2.4,101.0,244.0,1.6666666666666607,0.75,3.781428612819832,96.0,2.4,2200.0,600.0,11.9,9.4,11.0,0.0,1.58,1.4,1.6282702908027014,0.0,1.0000000000000009,1.2040760759965148,-0.8378578224609625,0.455406084511851,0.455406084511851
2016,70964487.501,32546265290.0,0.030000000000000002,Mercedes-Benz,348000.0,69600.0,121800.0,156600.0,EU,0.2,0.35,0.45,0.2,17.88,975.2,147.2,99.6,43.39,339.0,12.8,101.2,11.5,17.2,26.0,3.0,1.0,25.0,0.5,1.0,0.5,0.6,35.0,25.0,2186785000000.0,34500000000.0,1.58,1.4,462420000000.0,6473880000.0,1.4,,,,,,34500000000.0,,2.4,101.0,5.3,244.0,2.4,101.0,244.0,1.6666666666666607,0.75,3.781428612819832,96.0,2.4,2200.0,600.0,11.9,9.4,11.0,0.0,1.58,1.4,1.6282702908027014,0.0,1.0000000000000009,1.2040760759965148,-0.8378578224609625,0.455406084511851,0.455406084511851
2017,84470806.508,37540093745.0,0.030000000000000002,Toyota,1915000.0,383000.0,670250.0,851750.0,Japan,0.2,0.35,0.4447780678851175,0.2,17.564,980.1,148.1,119.3,51.94,412.2,12.6,123.0,11.0,17.5,30.0,3.0,1.0,30.0,0.5,1.0,0.5,0.7,30.0,30.0,2339591300000.0,34900000000.0,1.49,1.4,505165100000.0,7072311400.0,1.4,,,,,,34900000000.0,,2.3,102.0,5.0,248.0,2.3,102.0,248.0,1.6393442622950838,1.25,3.2239878836228097,97.0,2.6,2350.0,900.0,11.8,9.3,12.0,1.0,1.49,1.4,1.5147842398892908,0.0,0.3333333333333376,0.5703518254720399,-0.5984698731864018,0.1017384285396585,0.1017384285396585
2017,84470806.508,37540093745.0,0.030000000000000002,Honda,1339000.0,267800.0,468650.0,598550.0,Japan,0.2,0.35,0.4470126960418222,0.2,17.564,980.1,148.1,119.3,51.94,412.2,12.6,123.0,11.0,17.5,30.0,3.0,1.0,30.0,0.5,1.0,0.5,0.7,30.0,30.0,2339591300000.0,34900000000.0,1.49,1.4,505165100000.0,7072311400.0,1.4,,,,,,34900000000.0,,2.3,102.0,5.0,248.0,2.3,102.0,248.0,1.6393442622950838,1.25,3.2239878836228097,97.0,2.6,2350.0,900.0,11.8,9.3,12.0,1.0,1.49,1.4,1.5147842398892908,0.0,0.3333333333333376,0.5703518254720399,-0.5984698731864018,0.1017384285396585,0.1017384285396585
2017,84470806.508,37540093745.0,0.030000000000000002,Nissan,1387000.0,277400.0,485450.0,624150.0,Japan,0.2,0.35,0.45,0.2,17.564,980.1,148.1,119.3,51.94,412.2,12.6,123.0,11.0,17.5,30.0,3.0,1.0,30.0,0.5,1.0,0.5,0.7,30.0,30.0,2339591300000.0,34900000000.0,1.49,1.4,505165100000.0,7072311400.0,1.4,,,,,,34900000000.0,,2.3,102.0,5.0,248.0,2.3,102.0,248.0,1.6393442622950838,1.25,3.2239878836228097,97.0,2.6,2350.0,900.0,11.8,9.3,12.0,1.0,1.49,1.4,1.5147842398892908,0.0,0.3333333333333376,0.5703518254720399,-0.5984698731864018,0.1017384285396585,0.1017384285396585
2017,84470806.508,37540093745.0,0.030000000000000002,Ford,1290000.0,967500.0,129000.0,193500.0,US,0.75,0.1,0.15,0.75,17.564,980.1,148.1,119.3,51.94,412.2,12.6,123.0,11.0,17.5,30.0,3.0,1.0,30.0,0.5,1.0,0.5,0.7,30.0,30.0,2339591300000.0,34900000000.0,1.49,1.4,505165100000.0,7072311400.0,1.4,,,,,,34900000000.0,,2.3,102.0,5.0,248.0,2.3,102.0,248.0,1.6393442622950838,1.25,3.2239878836228097,97.0,2.6,2350.0,900.0,11.8,9.3,12.0,1.0,1.49,1.4,1.5147842398892908,0.0,0.3333333333333376,0.5703518254720399,-0.5984698731864018,0.1017384285396585,0.1017384285396585
2017,84470806.508,37540093745.0,0.030000000000000002,Chevrolet,1820000.0,1365000.0,182000.0,273000.0,US,0.75,0.1,0.15,0.75,17.564,980.1,148.1,119.3,51.94,412.2,12.6,123.0,11.0,17.5,30.0,3.0,1.0,30.0,0.5,1.0,0.5,0.7,30.0,30.0,2339591300000.0,34900000000.0,1.49,1.4,505165100000.0,7072311400.0,1.4,,,,,,34900000000.0,,2.3,102.0,5.0,248.0,2.3,102.0,248.0,1.6393442622950838,1.25,3.2239878836228097,97.0,2.6,2350.0,900.0,11.8,9.3,12.0,1.0,1.49,1.4,1.5147842398892908,0.0,0.3333333333333376,0.5703518254720399,-0.5984698731864018,0.1017384285396585,0.1017384285396585
2017,84470806.508,37540093745.0,0.030000000000000002,Hyundai,789000.0,157800.0,276150.0,355050.0,Korea,0.2,0.35,0.45,0.2,17.564,980.1,148.1,119.3,51.94,412.2,12.6,123.0,11.0,17.5,30.0,3.0,1.0,30.0,0.5,1.0,0.5,0.7,30.0,30.0,2339591300000.0,34900000000.0,1.49,1.4,505165100000.0,7072311400.0,1.4,,,,,,34900000000.0,,2.3,102.0,5.0,248.0,2.3,102.0,248.0,1.6393442622950838,1.25,3.2239878836228097,97.0,2.6,2350.0,900.0,11.8,9.3,12.0,1.0,1.49,1.4,1.5147842398892908,0.0,0.3333333333333376,0.5703518254720399,-0.5984698731864018,0.1017384285396585,0.1017384285396585
2017,84470806.508,37540093745.0,0.030000000000000002,Kia,649000.0,129800.0,227150.0,292050.0,Korea,0.2,0.35,0.45,0.2,17.564,980.1,148.1,119.3,51.94,412.2,12.6,123.0,11.0,17.5,30.0,3.0,1.0,30.0,0.5,1.0,0.5,0.7,30.0,30.0,2339591300000.0,34900000000.0,1.49,1.4,505165100000.0,7072311400.0,1.4,,,,,,34900000000.0,,2.3,102.0,5.0,248.0,2.3,102.0,248.0,1.6393442622950838,1.25,3.2239878836228097,97.0,2.6,2350.0,900.0,11.8,9.3,12.0,1.0,1.49,1.4,1.5147842398892908,0.0,0.3333333333333376,0.5703518254720399,-0.5984698731864018,0.1017384285396585,0.1017384285396585
2017,84470806.508,37540093745.0,0.030000000000000002,Subaru,604000.0,120800.0,211400.0,271800.0,Japan,0.2,0.35,0.45,0.2,17.564,980.1,148.1,119.3,51.94,412.2,12.6,123.0,11.0,17.5,30.0,3.0,1.0,30.0,0.5,1.0,0.5,0.7,30.0,30.0,2339591300000.0,34900000000.0,1.49,1.4,505165100000.0,7072311400.0,1.4,,,,,,34900000000.0,,2.3,102.0,5.0,248.0,2.3,102.0,248.0,1.6393442622950838,1.25,3.2239878836228097,97.0,2.6,2350.0,900.0,11.8,9.3,12.0,1.0,1.49,1.4,1.5147842398892908,0.0,0.3333333333333376,0.5703518254720399,-0.5984698731864018,0.1017384285396585,0.1017384285396585
2017,84470806.508,37540093745.0,0.030000000000000002,Mazda,331000.0,66200.0,115850.0,148950.0,Japan,0.2,0.35,0.45,0.2,17.564,980.1,148.1,119.3,51.94,412.2,12.6,123.0,11.0,17.5,30.0,3.0,1.0,30.0,0.5,1.0,0.5,0.7,30.0,30.0,2339591300000.0,34900000000.0,1.49,1.4,505165100000.0,7072311400.0,1.4,,,,,,34900000000.0,,2.3,102.0,5.0,248.0,2.3,102.0,248.0,1.6393442622950838,1.25,3.2239878836228097,97.0,2.6,2350.0,900.0,11.8,9.3,12.0,1.0,1.49,1.4,1.5147842398892908,0.0,0.3333333333333376,0.5703518254720399,-0.5984698731864018,0.1017384285396585,0.1017384285396585
2017,84470806.508,37540093745.0,0.030000000000000002,Volkswagen,359000.0,71800.0,125650.0,161550.0,EU,0.2,0.35,0.45,0.2,17.564,980.1,148.1,119.3,51.94,412.2,12.6,123.0,11.0,17.5,30.0,3.0,1.0,30.0,0.5,1.0,0.5,0.7,30.0,30.0,2339591300000.0,34900000000.0,1.49,1.4,505165100000.0,7072311400.0,1.4,,,,,,34900000000.0,,2.3,102.0,5.0,248.0,2.3,102.0,248.0,1.6393442622950838,1.25,3.2239878836228097,97.0,2.6,2350.0,900.0,11.8,9.3,12.0,1.0,1.49,1.4,1.5147842398892908,0.0,0.3333333333333376,0.5703518254720399,-0.5984698731864018,0.1017384285396585,0.1017384285396585
2017,84470806.508,37540093745.0,0.030000000000000002,BMW,356000.0,71200.0,124600.0,160200.0,EU,0.2,0.35,0.45,0.2,17.564,980.1,148.1,119.3,51.94,412.2,12.6,123.0,11.0,17.5,30.0,3.0,1.0,30.0,0.5,1.0,0.5,0.7,30.0,30.0,2339591300000.0,34900000000.0,1.49,1.4,505165100000.0,7072311400.0,1.4,,,,,,34900000000.0,,2.3,102.0,5.0,248.0,2.3,102.0,248.0,1.6393442622950838,1.25,3.2239878836228097,97.0,2.6,2350.0,900.0,11.8,9.3,12.0,1.0,1.49,1.4,1.5147842398892908,0.0,0.3333333333333376,0.5703518254720399,-0.5984698731864018,0.1017384285396585,0.1017384285396585
2017,84470806.508,37540093745.0,0.030000000000000002,Mercedes-Benz,353000.0,70600.0,123550.0,156850.0,EU,0.2,0.35,0.4443342776203966,0.2,17.564,980.1,148.1,119.3,51.94,412.2,12.6,123.0,11.0,17.5,30.0,3.0,1.0,30.0,0.5,1.0,0.5,0.7,30.0,30.0,2339591300000.0,34900000000.0,1.49,1.4,505165100000.0,7072311400.0,1.4,,,,,,34900000000.0,,2.3,102.0,5.0,248.0,2.3,102.0,248.0,1.6393442622950838,1.25,3.2239878836228097,97.0,2.6,2350.0,900.0,11.8,9.3,12.0,1.0,1.49,1.4,1.5147842398892908,0.0,0.3333333333333376,0.5703518254720399,-0.5984698731864018,0.1017384285396585,0.1017384285396585
2018,84185669.25400001,36524971188.0,0.03,Toyota,1952000.0,390400.0,683200.0,878400.0,Japan,0.2,0.35,0.45,0.2,17.712,985.3,149.5,133.5,58.13,468.8,12.4,139.9,10.5,18.0,35.0,3.0,4.0,35.0,1.0,4.0,1.0,0.8,70.0,35.0,2536145300000.0,41400000000.0,1.63,1.7,538514200000.0,36562964000.0,6.79,,,,,,41400000000.0,,2.2,103.0,4.5,252.0,2.2,103.0,252.0,1.6129032258064502,2.0,2.8373169683940733,95.0,2.9,2500.0,1500.0,11.7,9.2,13.0,2.0,1.63,6.79,0.2389857772038089,40.0,-0.3333333333333376,-0.0633724250524463,-0.359081923911841,-0.2519292274325417,-0.2519292274325417
2018,84185669.25400001,36524971188.0,0.03,Honda,1365000.0,273000.0,478750.0,613250.0,Japan,0.2,0.3507326007326007,0.4492673992673993,0.2,17.712,985.3,149.5,133.5,58.13,468.8,12.4,139.9,10.5,18.0,35.0,3.0,4.0,35.0,1.0,4.0,1.0,0.8,70.0,35.0,2536145300000.0,41400000000.0,1.63,1.7,538514200000.0,36562964000.0,6.79,,,,,,41400000000.0,,2.2,103.0,4.5,252.0,2.2,103.0,252.0,1.6129032258064502,2.0,2.8373169683940733,95.0,2.9,2500.0,1500.0,11.7,9.2,13.0,2.0,1.63,6.79,0.2389857772038089,40.0,-0.3333333333333376,-0.0633724250524463,-0.359081923911841,-0.2519292274325417,-0.2519292274325417
2018,84185669.25400001,36524971188.0,0.03,Nissan,1414000.0,282800.0,494900.0,636300.0,Japan,0.2,0.35,0.45,0.2,17.712,985.3,149.5,133.5,58.13,468.8,12.4,139.9,10.5,18.0,35.0,3.0,4.0,35.0,1.0,4.0,1.0,0.8,70.0,35.0,2536145300000.0,41400000000.0,1.63,1.7,538514200000.0,36562964000.0,6.79,,,,,,41400000000.0,,2.2,103.0,4.5,252.0,2.2,103.0,252.0,1.6129032258064502,2.0,2.8373169683940733,95.0,2.9,2500.0,1500.0,11.7,9.2,13.0,2.0,1.63,6.79,0.2389857772038089,40.0,-0.3333333333333376,-0.0633724250524463,-0.359081923911841,-0.2519292274325417,-0.2519292274325417
2018,84185669.25400001,36524971188.0,0.03,Ford,1315000.0,986250.0,131500.0,197250.0,US,0.75,0.1,0.15,0.75,17.712,985.3,149.5,133.5,58.13,468.8,12.4,139.9,10.5,18.0,35.0,3.0,4.0,35.0,1.0,4.0,1.0,0.8,70.0,35.0,2536145300000.0,41400000000.0,1.63,1.7,538514200000.0,36562964000.0,6.79,,,,,,41400000000.0,,2.2,103.0,4.5,252.0,2.2,103.0,252.0,1.6129032258064502,2.0,2.8373169683940733,95.0,2.9,2500.0,1500.0,11.7,9.2,13.0,2.0,1.63,6.79,0.2389857772038089,40.0,-0.3333333333333376,-0.0633724250524463,-0.359081923911841,-0.2519292274325417,-0.2519292274325417
2018,84185669.25400001,36524971188.0,0.03,Chevrolet,1855000.0,1391250.0,185500.0,278250.0,US,0.75,0.1,0.15,0.75,17.712,985.3,149.5,133.5,58.13,468.8,12.4,139.9,10.5,18.0,35.0,3.0,4.0,35.0,1.0,4.0,1.0,0.8,70.0,35.0,2536145300000.0,41400000000.0,1.63,1.7,538514200000.0,36562964000.0,6.79,,,,,,41400000000.0,,2.2,103.0,4.5,252.0,2.2,103.0,252.0,1.6129032258064502,2.0,2.8373169683940733,95.0,2.9,2500.0,1500.0,11.7,9.2,13.0,2.0,1.63,6.79,0.2389857772038089,40.0,-0.3333333333333376,-0.0633724250524463,-0.359081923911841,-0.2519292274325417,-0.2519292274325417
2018,84185669.25400001,36524971188.0,0.03,Hyundai,803000.0,160600.0,281050.0,361350.0,Korea,0.2,0.35,0.45,0.2,17.712,985.3,149.5,133.5,58.13,468.8,12.4,139.9,10.5,18.0,35.0,3.0,4.0,35.0,1.0,4.0,1.0,0.8,70.0,35.0,2536145300000.0,41400000000.0,1.63,1.7,538514200000.0,36562964000.0,6.79,,,,,,41400000000.0,,2.2,103.0,4.5,252.0,2.2,103.0,252.0,1.6129032258064502,2.0,2.8373169683940733,95.0,2.9,2500.0,1500.0,11.7,9.2,13.0,2.0,1.63,6.79,0.2389857772038089,40.0,-0.3333333333333376,-0.0633724250524463,-0.359081923911841,-0.2519292274325417,-0.2519292274325417
2018,84185669.25400001,36524971188.0,0.03,Kia,661000.0,132200.0,231350.0,297450.0,Korea,0.2,0.35,0.45,0.2,17.712,985.3,149.5,133.5,58.13,468.8,12.4,139.9,10.5,18.0,35.0,3.0,4.0,35.0,1.0,4.0,1.0,0.8,70.0,35.0,2536145300000.0,41400000000.0,1.63,1.7,538514200000.0,36562964000.0,6.79,,,,,,41400000000.0,,2.2,103.0,4.5,252.0,2.2,103.0,252.0,1.6129032258064502,2.0,2.8373169683940733,95.0,2.9,2500.0,1500.0,11.7,9.2,13.0,2.0,1.63,6.79,0.2389857772038089,40.0,-0.3333333333333376,-0.0633724250524463,-0.359081923911841,-0.2519292274325417,-0.2519292274325417
2018,84185669.25400001,36524971188.0,0.03,Subaru,615000.0,123000.0,215250.0,276750.0,Japan,0.2,0.35,0.45,0.2,17.712,985.3,149.5,133.5,58.13,468.8,12.4,139.9,10.5,18.0,35.0,3.0,4.0,35.0,1.0,4.0,1.0,0.8,70.0,35.0,2536145300000.0,41400000000.0,1.63,1.7,538514200000.0,36562964000.0,6.79,,,,,,41400000000.0,,2.2,103.0,4.5,252.0,2.2,103.0,252.0,1.6129032258064502,2.0,2.8373169683940733,95.0,2.9,2500.0,1500.0,11.7,9.2,13.0,2.0,1.63,6.79,0.2389857772038089,40.0,-0.3333333333333376,-0.0633724250524463,-0.359081923911841,-0.2519292274325417,-0.2519292274325417
2018,84185669.25400001,36524971188.0,0.03,Mazda,337000.0,67400.0,117950.0,151650.0,Japan,0.2,0.35,0.45,0.2,17.712,985.3,149.5,133.5,58.13,468.8,12.4,139.9,10.5,18.0,35.0,3.0,4.0,35.0,1.0,4.0,1.0,0.8,70.0,35.0,2536145300000.0,41400000000.0,1.63,1.7,538514200000.0,36562964000.0,6.79,,,,,,41400000000.0,,2.2,103.0,4.5,252.0,2.2,103.0,252.0,1.6129032258064502,2.0,2.8373169683940733,95.0,2.9,2500.0,1500.0,11.7,9.2,13.0,2.0,1.63,6.79,0.2389857772038089,40.0,-0.3333333333333376,-0.0633724250524463,-0.359081923911841,-0.2519292274325417,-0.2519292274325417
2018,84185669.25400001,36524971188.0,0.03,Volkswagen,364000.0,72800.0,127400.0,164800.0,EU,0.2,0.35,0.4527472527472527,0.2,17.712,985.3,149.5,133.5,58.13,468.8,12.4,139.9,10.5,18.0,35.0,3.0,4.0,35.0,1.0,4.0,1.0,0.8,70.0,35.0,2536145300000.0,41400000000.0,1.63,1.7,538514200000.0,36562964000.0,6.79,,,,,,41400000000.0,,2.2,103.0,4.5,252.0,2.2,103.0,252.0,1.6129032258064502,2.0,2.8373169683940733,95.0,2.9,2500.0,1500.0,11.7,9.2,13.0,2.0,1.63,6.79,0.2389857772038089,40.0,-0.3333333333333376,-0.0633724250524463,-0.359081923911841,-0.2519292274325417,-0.2519292274325417
2018,84185669.25400001,36524971188.0,0.03,BMW,361000.0,72200.0,126350.0,162450.0,EU,0.2,0.35,0.45,0.2,17.712,985.3,149.5,133.5,58.13,468.8,12.4,139.9,10.5,18.0,35.0,3.0,4.0,35.0,1.0,4.0,1.0,0.8,70.0,35.0,2536145300000.0,41400000000.0,1.63,1.7,538514200000.0,36562964000.0,6.79,,,,,,41400000000.0,,2.2,103.0,4.5,252.0,2.2,103.0,252.0,1.6129032258064502,2.0,2.8373169683940733,95.0,2.9,2500.0,1500.0,11.7,9.2,13.0,2.0,1.63,6.79,0.2389857772038089,40.0,-0.3333333333333376,-0.0633724250524463,-0.359081923911841,-0.2519292274325417,-0.2519292274325417
2018,84185669.25400001,36524971188.0,0.03,Mercedes-Benz,358000.0,71600.0,125300.0,155100.0,EU,0.2,0.35,0.4332402234636871,0.2,17.712,985.3,149.5,133.5,58.13,468.8,12.4,139.9,10.5,18.0,35.0,3.0,4.0,35.0,1.0,4.0,1.0,0.8,70.0,35.0,2536145300000.0,41400000000.0,1.63,1.7,538514200000.0,36562964000.0,6.79,,,,,,41400000000.0,,2.2,103.0,4.5,252.0,2.2,103.0,252.0,1.6129032258064502,2.0,2.8373169683940733,95.0,2.9,2500.0,1500.0,11.7,9.2,13.0,2.0,1.63,6.79,0.2389857772038089,40.0,-0.3333333333333376,-0.0633724250524463,-0.359081923911841,-0.2519292274325417,-0.2519292274325417
2019,83410037.067,33259432661.0,0.030000000000000002,Toyota,1989000.0,397800.0,696150.0,895050.0,Japan,0.2,0.35,0.45,0.2,17.489,990.8,150.2,115.5,50.3,412.3,12.2,123.1,10.0,18.5,32.0,3.0,6.0,40.0,1.5,5.5,1.5,0.9,80.0,40.0,2491699600000.0,71500000000.0,2.87,2.2,449110700000.0,35848856000.0,7.98,,,,,,71500000000.0,,2.1,104.0,3.8,256.0,2.1,104.0,256.0,1.5873015873015817,2.5,1.832037280884873,93.0,2.5,2700.0,3000.0,11.6,9.1,12.0,1.0,2.87,7.98,1.7464475920729812,65.0,-1.0000000000000009,-0.6970966755769213,-0.5984698731864018,-0.7651888495877746,-0.7651888495877746
2019,83410037.067,33259432661.0,0.030000000000000002,Honda,1391000.0,278200.0,488650.0,574150.0,Japan,0.2,0.351294033069734,0.4127606038820992,0.2,17.489,990.8,150.2,115.5,50.3,412.3,12.2,123.1,10.0,18.5,32.0,3.0,6.0,40.0,1.5,5.5,1.5,0.9,80.0,40.0,2491699600000.0,71500000000.0,2.87,2.2,449110700000.0,35848856000.0,7.98,,,,,,71500000000.0,,2.1,104.0,3.8,256.0,2.1,104.0,256.0,1.5873015873015817,2.5,1.832037280884873,93.0,2.5,2700.0,3000.0,11.6,9.1,12.0,1.0,2.87,7.98,1.7464475920729812,65.0,-1.0000000000000009,-0.6970966755769213,-0.5984698731864018,-0.7651888495877746,-0.7651888495877746
2019,83410037.067,33259432661.0,0.030000000000000002,Nissan,1441000.0,288200.0,504350.0,648450.0,Japan,0.2,0.35,0.45,0.2,17.489,990.8,150.2,115.5,50.3,412.3,12.2,123.1,10.0,18.5,32.0,3.0,6.0,40.0,1.5,5.5,1.5,0.9,80.0,40.0,2491699600000.0,71500000000.0,2.87,2.2,449110700000.0,35848856000.0,7.98,,,,,,71500000000.0,,2.1,104.0,3.8,256.0,2.1,104.0,256.0,1.5873015873015817,2.5,1.832037280884873,93.0,2.5,2700.0,3000.0,11.6,9.1,12.0,1.0,2.87,7.98,1.7464475920729812,65.0,-1.0000000000000009,-0.6970966755769213,-0.5984698731864018,-0.7651888495877746,-0.7651888495877746
2019,83410037.067,33259432661.0,0.030000000000000002,Ford,1340000.0,1005000.0,134000.0,201000.0,US,0.75,0.1,0.15,0.75,17.489,990.8,150.2,115.5,50.3,412.3,12.2,123.1,10.0,18.5,32.0,3.0,6.0,40.0,1.5,5.5,1.5,0.9,80.0,40.0,2491699600000.0,71500000000.0,2.87,2.2,449110700000.0,35848856000.0,7.98,,,,,,71500000000.0,,2.1,104.0,3.8,256.0,2.1,104.0,256.0,1.5873015873015817,2.5,1.832037280884873,93.0,2.5,2700.0,3000.0,11.6,9.1,12.0,1.0,2.87,7.98,1.7464475920729812,65.0,-1.0000000000000009,-0.6970966755769213,-0.5984698731864018,-0.7651888495877746,-0.7651888495877746
2019,83410037.067,33259432661.0,0.030000000000000002,Chevrolet,1890000.0,1417500.0,189000.0,283500.0,US,0.75,0.1,0.15,0.75,17.489,990.8,150.2,115.5,50.3,412.3,12.2,123.1,10.0,18.5,32.0,3.0,6.0,40.0,1.5,5.5,1.5,0.9,80.0,40.0,2491699600000.0,71500000000.0,2.87,2.2,449110700000.0,35848856000.0,7.98,,,,,,71500000000.0,,2.1,104.0,3.8,256.0,2.1,104.0,256.0,1.5873015873015817,2.5,1.832037280884873,93.0,2.5,2700.0,3000.0,11.6,9.1,12.0,1.0,2.87,7.98,1.7464475920729812,65.0,-1.0000000000000009,-0.6970966755769213,-0.5984698731864018,-0.7651888495877746,-0.7651888495877746
2019,83410037.067,33259432661.0,0.030000000000000002,Hyundai,817000.0,163400.0,285950.0,367650.0,Korea,0.2,0.35,0.45,0.2,17.489,990.8,150.2,115.5,50.3,412.3,12.2,123.1,10.0,18.5,32.0,3.0,6.0,40.0,1.5,5.5,1.5,0.9,80.0,40.0,2491699600000.0,71500000000.0,2.87,2.2,449110700000.0,35848856000.0,7.98,,,,,,71500000000.0,,2.1,104.0,3.8,256.0,2.1,104.0,256.0,1.5873015873015817,2.5,1.832037280884873,93.0,2.5,2700.0,3000.0,11.6,9.1,12.0,1.0,2.87,7.98,1.7464475920729812,65.0,-1.0000000000000009,-0.6970966755769213,-0.5984698731864018,-0.7651888495877746,-0.7651888495877746
2019,83410037.067,33259432661.0,0.030000000000000002,Kia,673000.0,134600.0,236050.0,302350.0,Korea,0.2,0.35074294205052,0.4492570579494799,0.2,17.489,990.8,150.2,115.5,50.3,412.3,12.2,123.1,10.0,18.5,32.0,3.0,6.0,40.0,1.5,5.5,1.5,0.9,80.0,40.0,2491699600000.0,71500000000.0,2.87,2.2,449110700000.0,35848856000.0,7.98,,,,,,71500000000.0,,2.1,104.0,3.8,256.0,2.1,104.0,256.0,1.5873015873015817,2.5,1.832037280884873,93.0,2.5,2700.0,3000.0,11.6,9.1,12.0,1.0,2.87,7.98,1.7464475920729812,65.0,-1.0000000000000009,-0.6970966755769213,-0.5984698731864018,-0.7651888495877746,-0.7651888495877746
2019,83410037.067,33259432661.0,0.030000000000000002,Subaru,626000.0,125200.0,219100.0,281700.0,Japan,0.2,0.35,0.45,0.2,17.489,990.8,150.2,115.5,50.3,412.3,12.2,123.1,10.0,18.5,32.0,3.0,6.0,40.0,1.5,5.5,1.5,0.9,80.0,40.0,2491699600000.0,71500000000.0,2.87,2.2,449110700000.0,35848856000.0,7.98,,,,,,71500000000.0,,2.1,104.0,3.8,256.0,2.1,104.0,256.0,1.5873015873015817,2.5,1.832037280884873,93.0,2.5,2700.0,3000.0,11.6,9.1,12.0,1.0,2.87,7.98,1.7464475920729812,65.0,-1.0000000000000009,-0.6970966755769213,-0.5984698731864018,-0.7651888495877746,-0.7651888495877746
2019,83410037.067,33259432661.0,0.030000000000000002,Mazda,343000.0,68600.0,120050.0,154350.0,Japan,0.2,0.35,0.45,0.2,17.489,990.8,150.2,115.5,50.3,412.3,12.2,123.1,10.0,18.5,32.0,3.0,6.0,40.0,1.5,5.5,1.5,0.9,80.0,40.0,2491699600000.0,71500000000.0,2.87,2.2,449110700000.0,35848856000.0,7.98,,,,,,71500000000.0,,2.1,104.0,3.8,256.0,2.1,104.0,256.0,1.5873015873015817,2.5,1.832037280884873,93.0,2.5,2700.0,3000.0,11.6,9.1,12.0,1.0,2.87,7.98,1.7464475920729812,65.0,-1.0000000000000009,-0.6970966755769213,-0.5984698731864018,-0.7651888495877746,-0.7651888495877746
2019,83410037.067,33259432661.0,0.030000000000000002,Volkswagen,369000.0,73800.0,129150.0,165950.0,EU,0.2,0.35,0.4497289972899729,0.2,17.489,990.8,150.2,115.5,50.3,412.3,12.2,123.1,10.0,18.5,32.0,3.0,6.0,40.0,1.5,5.5,1.5,0.9,80.0,40.0,2491699600000.0,71500000000.0,2.87,2.2,449110700000.0,35848856000.0,7.98,,,,,,71500000000.0,,2.1,104.0,3.8,256.0,2.1,104.0,256.0,1.5873015873015817,2.5,1.832037280884873,93.0,2.5,2700.0,3000.0,11.6,9.1,12.0,1.0,2.87,7.98,1.7464475920729812,65.0,-1.0000000000000009,-0.6970966755769213,-0.5984698731864018,-0.7651888495877746,-0.7651888495877746
2019,83410037.067,33259432661.0,0.030000000000000002,BMW,366000.0,73200.0,128100.0,164700.0,EU,0.2,0.35,0.45,0.2,17.489,990.8,150.2,115.5,50.3,412.3,12.2,123.1,10.0,18.5,32.0,3.0,6.0,40.0,1.5,5.5,1.5,0.9,80.0,40.0,2491699600000.0,71500000000.0,2.87,2.2,449110700000.0,35848856000.0,7.98,,,,,,71500000000.0,,2.1,104.0,3.8,256.0,2.1,104.0,256.0,1.5873015873015817,2.5,1.832037280884873,93.0,2.5,2700.0,3000.0,11.6,9.1,12.0,1.0,2.87,7.98,1.7464475920729812,65.0,-1.0000000000000009,-0.6970966755769213,-0.5984698731864018,-0.7651888495877746,-0.7651888495877746
2019,83410037.067,33259432661.0,0.030000000000000002,Mercedes-Benz,363000.0,72600.0,127050.0,163350.0,EU,0.2,0.35,0.45,0.2,17.489,990.8,150.2,115.5,50.3,412.3,12.2,123.1,10.0,18.5,32.0,3.0,6.0,40.0,1.5,5.5,1.5,0.9,80.0,40.0,2491699600000.0,71500000000.0,2.87,2.2,449110700000.0,35848856000.0,7.98,,,,,,71500000000.0,,2.1,104.0,3.8,256.0,2.1,104.0,256.0,1.5873015873015817,2.5,1.832037280884873,93.0,2.5,2700.0,3000.0,11.6,9.1,12.0,1.0,2.87,7.98,1.7464475920729812,65.0,-1.0000000000000009,-0.6970966755769213,-0.5984698731864018,-0.7651888495877746,-0.7651888495877746
2020,97607465.384,38453179390.0,0.030000000000000002,Toyota,1600000.0,320000.0,560000.0,720000.0,Japan,0.2,0.35,0.45,0.2,14.879,900.0,152.1,121.0,52.68,439.0,12.0,131.0,9.5,19.0,28.0,3.0,7.0,80.0,2.0,6.0,2.0,1.0,90.0,80.0,2331477200000.0,67400000000.0,2.89,2.4,432548000000.0,25912880000.0,5.99,,,,,,67400000000.0,,-3.0,96.0,8.0,259.0,-3.0,96.0,259.0,1.171875,0.25,-4.288010959327594,99.0,1.0,2600.0,8000.0,11.5,9.0,11.0,1.0,2.89,5.99,2.183865827119832,65.0,-1.6666666666666643,-1.3308209261013964,-0.8378578224609625,-1.2784484717430078,-1.2784484717430078
2020,97607465.384,38453179390.0,0.030000000000000002,Honda,1300000.0,260000.0,455000.0,585000.0,Japan,0.2,0.35,0.45,0.2,14.879,900.0,152.1,121.0,52.68,439.0,12.0,131.0,9.5,19.0,28.0,3.0,7.0,80.0,2.0,6.0,2.0,1.0,90.0,80.0,2331477200000.0,67400000000.0,2.89,2.4,432548000000.0,25912880000.0,5.99,,,,,,67400000000.0,,-3.0,96.0,8.0,259.0,-3.0,96.0,259.0,1.171875,0.25,-4.288010959327594,99.0,1.0,2600.0,8000.0,11.5,9.0,11.0,1.0,2.89,5.99,2.183865827119832,65.0,-1.6666666666666643,-1.3308209261013964,-0.8378578224609625,-1.2784484717430078,-1.2784484717430078
2020,97607465.384,38453179390.0,0.030000000000000002,Nissan,1000000.0,200000.0,350000.0,450000.0,Japan,0.2,0.35,0.45,0.2,14.879,900.0,152.1,121.0,52.68,439.0,12.0,131.0,9.5,19.0,28.0,3.0,7.0,80.0,2.0,6.0,2.0,1.0,90.0,80.0,2331477200000.0,67400000000.0,2.89,2.4,432548000000.0,25912880000.0,5.99,,,,,,67400000000.0,,-3.0,96.0,8.0,259.0,-3.0,96.0,259.0,1.171875,0.25,-4.288010959327594,99.0,1.0,2600.0,8000.0,11.5,9.0,11.0,1.0,2.89,5.99,2.183865827119832,65.0,-1.6666666666666643,-1.3308209261013964,-0.8378578224609625,-1.2784484717430078,-1.2784484717430078
2020,97607465.384,38453179390.0,0.030000000000000002,Ford,1200000.0,900000.0,120000.0,180000.0,US,0.75,0.1,0.15,0.75,14.879,900.0,152.1,121.0,52.68,439.0,12.0,131.0,9.5,19.0,28.0,3.0,7.0,80.0,2.0,6.0,2.0,1.0,90.0,80.0,2331477200000.0,67400000000.0,2.89,2.4,432548000000.0,25912880000.0,5.99,,,,,,67400000000.0,,-3.0,96.0,8.0,259.0,-3.0,96.0,259.0,1.171875,0.25,-4.288010959327594,99.0,1.0,2600.0,8000.0,11.5,9.0,11.0,1.0,2.89,5.99,2.183865827119832,65.0,-1.6666666666666643,-1.3308209261013964,-0.8378578224609625,-1.2784484717430078,-1.2784484717430078
2020,97607465.384,38453179390.0,0.030000000000000002,Chevrolet,1700000.0,1275000.0,170000.0,255000.0,US,0.75,0.1,0.15,0.75,14.879,900.0,152.1,121.0,52.68,439.0,12.0,131.0,9.5,19.0,28.0,3.0,7.0,80.0,2.0,6.0,2.0,1.0,90.0,80.0,2331477200000.0,67400000000.0,2.89,2.4,432548000000.0,25912880000.0,5.99,,,,,,67400000000.0,,-3.0,96.0,8.0,259.0,-3.0,96.0,259.0,1.171875,0.25,-4.288010959327594,99.0,1.0,2600.0,8000.0,11.5,9.0,11.0,1.0,2.89,5.99,2.183865827119832,65.0,-1.6666666666666643,-1.3308209261013964,-0.8378578224609625,-1.2784484717430078,-1.2784484717430078
2020,97607465.384,38453179390.0,0.030000000000000002,Hyundai,720000.0,144000.0,252000.0,324000.0,Korea,0.2,0.35,0.45,0.2,14.879,900.0,152.1,121.0,52.68,439.0,12.0,131.0,9.5,19.0,28.0,3.0,7.0,80.0,2.0,6.0,2.0,1.0,90.0,80.0,2331477200000.0,67400000000.0,2.89,2.4,432548000000.0,25912880000.0,5.99,,,,,,67400000000.0,,-3.0,96.0,8.0,259.0,-3.0,96.0,259.0,1.171875,0.25,-4.288010959327594,99.0,1.0,2600.0,8000.0,11.5,9.0,11.0,1.0,2.89,5.99,2.183865827119832,65.0,-1.6666666666666643,-1.3308209261013964,-0.8378578224609625,-1.2784484717430078,-1.2784484717430078
2020,97607465.384,38453179390.0,0.030000000000000002,Kia,590000.0,118000.0,206500.0,265500.0,Korea,0.2,0.35,0.45,0.2,14.879,900.0,152.1,121.0,52.68,439.0,12.0,131.0,9.5,19.0,28.0,3.0,7.0,80.0,2.0,6.0,2.0,1.0,90.0,80.0,2331477200000.0,67400000000.0,2.89,2.4,432548000000.0,25912880000.0,5.99,,,,,,67400000000.0,,-3.0,96.0,8.0,259.0,-3.0,96.0,259.0,1.171875,0.25,-4.288010959327594,99.0,1.0,2600.0,8000.0,11.5,9.0,11.0,1.0,2.89,5.99,2.183865827119832,65.0,-1.6666666666666643,-1.3308209261013964,-0.8378578224609625,-1.2784484717430078,-1.2784484717430078
2020,97607465.384,38453179390.0,0.030000000000000002,Subaru,570000.0,114000.0,199500.0,256500.0,Japan,0.2,0.35,0.45,0.2,14.879,900.0,152.1,121.0,52.68,439.0,12.0,131.0,9.5,19.0,28.0,3.0,7.0,80.0,2.0,6.0,2.0,1.0,90.0,80.0,2331477200000.0,67400000000.0,2.89,2.4,432548000000.0,25912880000.0,5.99,,,,,,67400000000.0,,-3.0,96.0,8.0,259.0,-3.0,96.0,259.0,1.171875,0.25,-4.288010959327594,99.0,1.0,2600.0,8000.0,11.5,9.0,11.0,1.0,2.89,5.99,2.183865827119832,65.0,-1.6666666666666643,-1.3308209261013964,-0.8378578224609625,-1.2784484717430078,-1.2784484717430078
2020,97607465.384,38453179390.0,0.030000000000000002,Mazda,300000.0,60000.0,105000.0,135000.0,Japan,0.2,0.35,0.45,0.2,14.879,900.0,152.1,121.0,52.68,439.0,12.0,131.0,9.5,19.0,28.0,3.0,7.0,80.0,2.0,6.0,2.0,1.0,90.0,80.0,2331477200000.0,67400000000.0,2.89,2.4,432548000000.0,25912880000.0,5.99,,,,,,67400000000.0,,-3.0,96.0,8.0,259.0,-3.0,96.0,259.0,1.171875,0.25,-4.288010959327594,99.0,1.0,2600.0,8000.0,11.5,9.0,11.0,1.0,2.89,5.99,2.183865827119832,65.0,-1.6666666666666643,-1.3308209261013964,-0.8378578224609625,-1.2784484717430078,-1.2784484717430078
2020,97607465.384,38453179390.0,0.030000000000000002,Volkswagen,320000.0,64000.0,112000.0,144000.0,EU,0.2,0.35,0.45,0.2,14.879,900.0,152.1,121.0,52.68,439.0,12.0,131.0,9.5,19.0,28.0,3.0,7.0,80.0,2.0,6.0,2.0,1.0,90.0,80.0,2331477200000.0,67400000000.0,2.89,2.4,432548000000.0,25912880000.0,5.99,,,,,,67400000000.0,,-3.0,96.0,8.0,259.0,-3.0,96.0,259.0,1.171875,0.25,-4.288010959327594,99.0,1.0,2600.0,8000.0,11.5,9.0,11.0,1.0,2.89,5.99,2.183865827119832,65.0,-1.6666666666666643,-1.3308209261013964,-0.8378578224609625,-1.2784484717430078,-1.2784484717430078
2020,97607465.384,38453179390.0,0.030000000000000002,BMW,317000.0,63400.0,110950.0,142650.0,EU,0.2,0.35,0.45,0.2,14.879,900.0,152.1,121.0,52.68,439.0,12.0,131.0,9.5,19.0,28.0,3.0,7.0,80.0,2.0,6.0,2.0,1.0,90.0,80.0,2331477200000.0,67400000000.0,2.89,2.4,432548000000.0,25912880000.0,5.99,,,,,,67400000000.0,,-3.0,96.0,8.0,259.0,-3.0,96.0,259.0,1.171875,0.25,-4.288010959327594,99.0,1.0,2600.0,8000.0,11.5,9.0,11.0,1.0,2.89,5.99,2.183865827119832,65.0,-1.6666666666666643,-1.3308209261013964,-0.8378578224609625,-1.2784484717430078,-1.2784484717430078
2020,97607465.384,38453179390.0,0.030000000000000002,Mercedes-Benz,314000.0,62800.0,109900.0,141300.0,EU,0.2,0.35,0.45,0.2,14.879,900.0,152.1,121.0,52.68,439.0,12.0,131.0,9.5,19.0,28.0,3.0,7.0,80.0,2.0,6.0,2.0,1.0,90.0,80.0,2331477200000.0,67400000000.0,2.89,2.4,432548000000.0,25912880000.0,5.99,,,,,,67400000000.0,,-3.0,96.0,8.0,259.0,-3.0,96.0,259.0,1.171875,0.25,-4.288010959327594,99.0,1.0,2600.0,8000.0,11.5,9.0,11.0,1.0,2.89,5.99,2.183865827119832,65.0,-1.6666666666666643,-1.3308209261013964,-0.8378578224609625,-1.2784484717430078,-1.2784484717430078
2021,93397725.41,51778740938.0,0.03,Toyota,1600000.0,340000.0,560000.0,700000.0,Japan,0.2125,0.35,0.4375,0.2125,15.409,915.0,158.3,150.6,65.6,555.9,11.8,166.0,9.0,19.5,40.0,3.0,7.0,95.0,2.5,6.5,2.5,1.2,70.0,95.0,2828515500000.0,80000000000.0,2.83,2.3,504246300000.0,45262167000.0,8.98,,,,,,80000000000.0,,5.5,102.0,5.5,264.0,5.5,102.0,264.0,1.9305019305019264,0.25,5.716167224336399,92.0,1.5,2900.0,40000.0,11.6,9.0,15.0,3.0,2.83,8.98,1.4957678271518633,62.0,-1.0000000000000009,-1.3308209261013964,0.1196939746372803,-0.7370423171547057,-0.7370423171547057
2021,93397725.41,51778740938.0,0.03,Honda,1300000.0,276250.0,455000.0,568750.0,Japan,0.2125,0.35,0.4375,0.2125,15.409,915.0,158.3,150.6,65.6,555.9,11.8,166.0,9.0,19.5,40.0,3.0,7.0,95.0,2.5,6.5,2.5,1.2,70.0,95.0,2828515500000.0,80000000000.0,2.83,2.3,504246300000.0,45262167000.0,8.98,,,,,,80000000000.0,,5.5,102.0,5.5,264.0,5.5,102.0,264.0,1.9305019305019264,0.25,5.716167224336399,92.0,1.5,2900.0,40000.0,11.6,9.0,15.0,3.0,2.83,8.98,1.4957678271518633,62.0,-1.0000000000000009,-1.3308209261013964,0.1196939746372803,-0.7370423171547057,-0.7370423171547057
2021,93397725.41,51778740938.0,0.03,Nissan,1000000.0,212500.0,350000.0,437500.0,Japan,0.2125,0.35,0.4375,0.2125,15.409,915.0,158.3,150.6,65.6,555.9,11.8,166.0,9.0,19.5,40.0,3.0,7.0,95.0,2.5,6.5,2.5,1.2,70.0,95.0,2828515500000.0,80000000000.0,2.83,2.3,504246300000.0,45262167000.0,8.98,,,,,,80000000000.0,,5.5,102.0,5.5,264.0,5.5,102.0,264.0,1.9305019305019264,0.25,5.716167224336399,92.0,1.5,2900.0,40000.0,11.6,9.0,15.0,3.0,2.83,8.98,1.4957678271518633,62.0,-1.0000000000000009,-1.3308209261013964,0.1196939746372803,-0.7370423171547057,-0.7370423171547057
2021,93397725.41,51778740938.0,0.03,Ford,1200000.0,906000.0,120000.0,174000.0,US,0.755,0.1,0.145,0.755,15.409,915.0,158.3,150.6,65.6,555.9,11.8,166.0,9.0,19.5,40.0,3.0,7.0,95.0,2.5,6.5,2.5,1.2,70.0,95.0,2828515500000.0,80000000000.0,2.83,2.3,504246300000.0,45262167000.0,8.98,,,,,,80000000000.0,,5.5,102.0,5.5,264.0,5.5,102.0,264.0,1.9305019305019264,0.25,5.716167224336399,92.0,1.5,2900.0,40000.0,11.6,9.0,15.0,3.0,2.83,8.98,1.4957678271518633,62.0,-1.0000000000000009,-1.3308209261013964,0.1196939746372803,-0.7370423171547057,-0.7370423171547057
2021,93397725.41,51778740938.0,0.03,Chevrolet,1720000.0,1290000.0,172000.0,258000.0,US,0.75,0.1,0.15,0.75,15.409,915.0,158.3,150.6,65.6,555.9,11.8,166.0,9.0,19.5,40.0,3.0,7.0,95.0,2.5,6.5,2.5,1.2,70.0,95.0,2828515500000.0,80000000000.0,2.83,2.3,504246300000.0,45262167000.0,8.98,,,,,,80000000000.0,,5.5,102.0,5.5,264.0,5.5,102.0,264.0,1.9305019305019264,0.25,5.716167224336399,92.0,1.5,2900.0,40000.0,11.6,9.0,15.0,3.0,2.83,8.98,1.4957678271518633,62.0,-1.0000000000000009,-1.3308209261013964,0.1196939746372803,-0.7370423171547057,-0.7370423171547057
2021,93397725.41,51778740938.0,0.03,Hyundai,735000.0,147000.0,257250.0,330750.0,Korea,0.2,0.35,0.45,0.2,15.409,915.0,158.3,150.6,65.6,555.9,11.8,166.0,9.0,19.5,40.0,3.0,7.0,95.0,2.5,6.5,2.5,1.2,70.0,95.0,2828515500000.0,80000000000.0,2.83,2.3,504246300000.0,45262167000.0,8.98,,,,,,80000000000.0,,5.5,102.0,5.5,264.0,5.5,102.0,264.0,1.9305019305019264,0.25,5.716167224336399,92.0,1.5,2900.0,40000.0,11.6,9.0,15.0,3.0,2.83,8.98,1.4957678271518633,62.0,-1.0000000000000009,-1.3308209261013964,0.1196939746372803,-0.7370423171547057,-0.7370423171547057
2021,93397725.41,51778740938.0,0.03,Kia,602000.0,120400.0,210700.0,270900.0,Korea,0.2,0.35,0.45,0.2,15.409,915.0,158.3,150.6,65.6,555.9,11.8,166.0,9.0,19.5,40.0,3.0,7.0,95.0,2.5,6.5,2.5,1.2,70.0,95.0,2828515500000.0,80000000000.0,2.83,2.3,504246300000.0,45262167000.0,8.98,,,,,,80000000000.0,,5.5,102.0,5.5,264.0,5.5,102.0,264.0,1.9305019305019264,0.25,5.716167224336399,92.0,1.5,2900.0,40000.0,11.6,9.0,15.0,3.0,2.83,8.98,1.4957678271518633,62.0,-1.0000000000000009,-1.3308209261013964,0.1196939746372803,-0.7370423171547057,-0.7370423171547057
2021,93397725.41,51778740938.0,0.03,Subaru,582000.0,116400.0,203700.0,261900.0,Japan,0.2,0.35,0.45,0.2,15.409,915.0,158.3,150.6,65.6,555.9,11.8,166.0,9.0,19.5,40.0,3.0,7.0,95.0,2.5,6.5,2.5,1.2,70.0,95.0,2828515500000.0,80000000000.0,2.83,2.3,504246300000.0,45262167000.0,8.98,,,,,,80000000000.0,,5.5,102.0,5.5,264.0,5.5,102.0,264.0,1.9305019305019264,0.25,5.716167224336399,92.0,1.5,2900.0,40000.0,11.6,9.0,15.0,3.0,2.83,8.98,1.4957678271518633,62.0,-1.0000000000000009,-1.3308209261013964,0.1196939746372803,-0.7370423171547057,-0.7370423171547057
2021,93397725.41,51778740938.0,0.03,Mazda,309000.0,61800.0,108150.0,139050.0,Japan,0.2,0.35,0.45,0.2,15.409,915.0,158.3,150.6,65.6,555.9,11.8,166.0,9.0,19.5,40.0,3.0,7.0,95.0,2.5,6.5,2.5,1.2,70.0,95.0,2828515500000.0,80000000000.0,2.83,2.3,504246300000.0,45262167000.0,8.98,,,,,,80000000000.0,,5.5,102.0,5.5,264.0,5.5,102.0,264.0,1.9305019305019264,0.25,5.716167224336399,92.0,1.5,2900.0,40000.0,11.6,9.0,15.0,3.0,2.83,8.98,1.4957678271518633,62.0,-1.0000000000000009,-1.3308209261013964,0.1196939746372803,-0.7370423171547057,-0.7370423171547057
2021,93397725.41,51778740938.0,0.03,Volkswagen,325000.0,65000.0,113750.0,146250.0,EU,0.2,0.35,0.45,0.2,15.409,915.0,158.3,150.6,65.6,555.9,11.8,166.0,9.0,19.5,40.0,3.0,7.0,95.0,2.5,6.5,2.5,1.2,70.0,95.0,2828515500000.0,80000000000.0,2.83,2.3,504246300000.0,45262167000.0,8.98,,,,,,80000000000.0,,5.5,102.0,5.5,264.0,5.5,102.0,264.0,1.9305019305019264,0.25,5.716167224336399,92.0,1.5,2900.0,40000.0,11.6,9.0,15.0,3.0,2.83,8.98,1.4957678271518633,62.0,-1.0000000000000009,-1.3308209261013964,0.1196939746372803,-0.7370423171547057,-0.7370423171547057
2021,93397725.41,51778740938.0,0.03,BMW,322000.0,64400.0,112700.0,144900.0,EU,0.2,0.35,0.45,0.2,15.409,915.0,158.3,150.6,65.6,555.9,11.8,166.0,9.0,19.5,40.0,3.0,7.0,95.0,2.5,6.5,2.5,1.2,70.0,95.0,2828515500000.0,80000000000.0,2.83,2.3,504246300000.0,45262167000.0,8.98,,,,,,80000000000.0,,5.5,102.0,5.5,264.0,5.5,102.0,264.0,1.9305019305019264,0.25,5.716167224336399,92.0,1.5,2900.0,40000.0,11.6,9.0,15.0,3.0,2.83,8.98,1.4957678271518633,62.0,-1.0000000000000009,-1.3308209261013964,0.1196939746372803,-0.7370423171547057,-0.7370423171547057
2021,93397725.41,51778740938.0,0.03,Mercedes-Benz,319000.0,63800.0,111650.0,143550.0,EU,0.2,0.35,0.45,0.2,15.409,915.0,158.3,150.6,65.6,555.9,11.8,166.0,9.0,19.5,40.0,3.0,7.0,95.0,2.5,6.5,2.5,1.2,70.0,95.0,2828515500000.0,80000000000.0,2.83,2.3,504246300000.0,45262167000.0,8.98,,,,,,80000000000.0,,5.5,102.0,5.5,264.0,5.5,102.0,264.0,1.9305019305019264,0.25,5.716167224336399,92.0,1.5,2900.0,40000.0,11.6,9.0,15.0,3.0,2.83,8.98,1.4957678271518633,62.0,-1.0000000000000009,-1.3308209261013964,0.1196939746372803,-0.7370423171547057,-0.7370423171547057
2022,85712328.724,57669954094.0,0.03,Toyota,1648000.0,370800.0,576800.0,700400.0,Japan,0.225,0.35,0.425,0.225,14.23,925.0,165.2,152.8,66.53,573.5,11.6,171.2,8.0,19.5,45.0,6.0,8.5,75.0,6.0,8.0,6.0,1.5,65.0,75.0,3239732900000.0,98900000000.0,3.05,2.5,536268700000.0,48264183000.0,9.0,,,,,,98900000000.0,,2.8,104.0,4.5,276.0,2.8,104.0,276.0,4.545454545454541,0.5,4.092352291549871,94.0,2.0,3200.0,20000.0,11.7,9.1,18.0,5.0,3.05,9.0,1.8697370007710843,60.0,-0.3333333333333376,-0.6970966755769213,0.8378578224609625,-0.0641907288164321,-0.0641907288164321
2022,85712328.724,57669954094.0,0.03,Honda,1339000.0,301275.0,468650.0,569075.0,Japan,0.225,0.35,0.425,0.225,14.23,925.0,165.2,152.8,66.53,573.5,11.6,171.2,8.0,19.5,45.0,6.0,8.5,75.0,6.0,8.0,6.0,1.5,65.0,75.0,3239732900000.0,98900000000.0,3.05,2.5,536268700000.0,48264183000.0,9.0,,,,,,98900000000.0,,2.8,104.0,4.5,276.0,2.8,104.0,276.0,4.545454545454541,0.5,4.092352291549871,94.0,2.0,3200.0,20000.0,11.7,9.1,18.0,5.0,3.05,9.0,1.8697370007710843,60.0,-0.3333333333333376,-0.6970966755769213,0.8378578224609625,-0.0641907288164321,-0.0641907288164321
2022,85712328.724,57669954094.0,0.03,Nissan,1030000.0,231750.0,360500.0,437750.0,Japan,0.225,0.35,0.425,0.225,14.23,925.0,165.2,152.8,66.53,573.5,11.6,171.2,8.0,19.5,45.0,6.0,8.5,75.0,6.0,8.0,6.0,1.5,65.0,75.0,3239732900000.0,98900000000.0,3.05,2.5,536268700000.0,48264183000.0,9.0,,,,,,98900000000.0,,2.8,104.0,4.5,276.0,2.8,104.0,276.0,4.545454545454541,0.5,4.092352291549871,94.0,2.0,3200.0,20000.0,11.7,9.1,18.0,5.0,3.05,9.0,1.8697370007710843,60.0,-0.3333333333333376,-0.6970966755769213,0.8378578224609625,-0.0641907288164321,-0.0641907288164321
2022,85712328.724,57669954094.0,0.03,Ford,1236000.0,939360.0,123600.0,173040.0,US,0.76,0.1,0.14,0.76,14.23,925.0,165.2,152.8,66.53,573.5,11.6,171.2,8.0,19.5,45.0,6.0,8.5,75.0,6.0,8.0,6.0,1.5,65.0,75.0,3239732900000.0,98900000000.0,3.05,2.5,536268700000.0,48264183000.0,9.0,,,,,,98900000000.0,,2.8,104.0,4.5,276.0,2.8,104.0,276.0,4.545454545454541,0.5,4.092352291549871,94.0,2.0,3200.0,20000.0,11.7,9.1,18.0,5.0,3.05,9.0,1.8697370007710843,60.0,-0.3333333333333376,-0.6970966755769213,0.8378578224609625,-0.0641907288164321,-0.0641907288164321
2022,85712328.724,57669954094.0,0.03,Chevrolet,1760000.0,1320000.0,176000.0,264000.0,US,0.75,0.1,0.15,0.75,14.23,925.0,165.2,152.8,66.53,573.5,11.6,171.2,8.0,19.5,45.0,6.0,8.5,75.0,6.0,8.0,6.0,1.5,65.0,75.0,3239732900000.0,98900000000.0,3.05,2.5,536268700000.0,48264183000.0,9.0,,,,,,98900000000.0,,2.8,104.0,4.5,276.0,2.8,104.0,276.0,4.545454545454541,0.5,4.092352291549871,94.0,2.0,3200.0,20000.0,11.7,9.1,18.0,5.0,3.05,9.0,1.8697370007710843,60.0,-0.3333333333333376,-0.6970966755769213,0.8378578224609625,-0.0641907288164321,-0.0641907288164321
2022,85712328.724,57669954094.0,0.03,Hyundai,750000.0,150000.0,262500.0,337500.0,Korea,0.2,0.35,0.45,0.2,14.23,925.0,165.2,152.8,66.53,573.5,11.6,171.2,8.0,19.5,45.0,6.0,8.5,75.0,6.0,8.0,6.0,1.5,65.0,75.0,3239732900000.0,98900000000.0,3.05,2.5,536268700000.0,48264183000.0,9.0,,,,,,98900000000.0,,2.8,104.0,4.5,276.0,2.8,104.0,276.0,4.545454545454541,0.5,4.092352291549871,94.0,2.0,3200.0,20000.0,11.7,9.1,18.0,5.0,3.05,9.0,1.8697370007710843,60.0,-0.3333333333333376,-0.6970966755769213,0.8378578224609625,-0.0641907288164321,-0.0641907288164321
2022,85712328.724,57669954094.0,0.03,Kia,614000.0,122800.0,214900.0,276300.0,Korea,0.2,0.35,0.45,0.2,14.23,925.0,165.2,152.8,66.53,573.5,11.6,171.2,8.0,19.5,45.0,6.0,8.5,75.0,6.0,8.0,6.0,1.5,65.0,75.0,3239732900000.0,98900000000.0,3.05,2.5,536268700000.0,48264183000.0,9.0,,,,,,98900000000.0,,2.8,104.0,4.5,276.0,2.8,104.0,276.0,4.545454545454541,0.5,4.092352291549871,94.0,2.0,3200.0,20000.0,11.7,9.1,18.0,5.0,3.05,9.0,1.8697370007710843,60.0,-0.3333333333333376,-0.6970966755769213,0.8378578224609625,-0.0641907288164321,-0.0641907288164321
2022,85712328.724,57669954094.0,0.03,Subaru,594000.0,118800.0,207900.0,267300.0,Japan,0.2,0.35,0.45,0.2,14.23,925.0,165.2,152.8,66.53,573.5,11.6,171.2,8.0,19.5,45.0,6.0,8.5,75.0,6.0,8.0,6.0,1.5,65.0,75.0,3239732900000.0,98900000000.0,3.05,2.5,536268700000.0,48264183000.0,9.0,,,,,,98900000000.0,,2.8,104.0,4.5,276.0,2.8,104.0,276.0,4.545454545454541,0.5,4.092352291549871,94.0,2.0,3200.0,20000.0,11.7,9.1,18.0,5.0,3.05,9.0,1.8697370007710843,60.0,-0.3333333333333376,-0.6970966755769213,0.8378578224609625,-0.0641907288164321,-0.0641907288164321
2022,85712328.724,57669954094.0,0.03,Mazda,315000.0,63000.0,110250.0,141750.0,Japan,0.2,0.35,0.45,0.2,14.23,925.0,165.2,152.8,66.53,573.5,11.6,171.2,8.0,19.5,45.0,6.0,8.5,75.0,6.0,8.0,6.0,1.5,65.0,75.0,3239732900000.0,98900000000.0,3.05,2.5,536268700000.0,48264183000.0,9.0,,,,,,98900000000.0,,2.8,104.0,4.5,276.0,2.8,104.0,276.0,4.545454545454541,0.5,4.092352291549871,94.0,2.0,3200.0,20000.0,11.7,9.1,18.0,5.0,3.05,9.0,1.8697370007710843,60.0,-0.3333333333333376,-0.6970966755769213,0.8378578224609625,-0.0641907288164321,-0.0641907288164321
2022,85712328.724,57669954094.0,0.03,Volkswagen,330000.0,66000.0,115500.0,148500.0,EU,0.2,0.35,0.45,0.2,14.23,925.0,165.2,152.8,66.53,573.5,11.6,171.2,8.0,19.5,45.0,6.0,8.5,75.0,6.0,8.0,6.0,1.5,65.0,75.0,3239732900000.0,98900000000.0,3.05,2.5,536268700000.0,48264183000.0,9.0,,,,,,98900000000.0,,2.8,104.0,4.5,276.0,2.8,104.0,276.0,4.545454545454541,0.5,4.092352291549871,94.0,2.0,3200.0,20000.0,11.7,9.1,18.0,5.0,3.05,9.0,1.8697370007710843,60.0,-0.3333333333333376,-0.6970966755769213,0.8378578224609625,-0.0641907288164321,-0.0641907288164321
2022,85712328.724,57669954094.0,0.03,BMW,327000.0,65400.0,114450.0,147150.0,EU,0.2,0.35,0.45,0.2,14.23,925.0,165.2,152.8,66.53,573.5,11.6,171.2,8.0,19.5,45.0,6.0,8.5,75.0,6.0,8.0,6.0,1.5,65.0,75.0,3239732900000.0,98900000000.0,3.05,2.5,536268700000.0,48264183000.0,9.0,,,,,,98900000000.0,,2.8,104.0,4.5,276.0,2.8,104.0,276.0,4.545454545454541,0.5,4.092352291549871,94.0,2.0,3200.0,20000.0,11.7,9.1,18.0,5.0,3.05,9.0,1.8697370007710843,60.0,-0.3333333333333376,-0.6970966755769213,0.8378578224609625,-0.0641907288164321,-0.0641907288164321
2022,85712328.724,57669954094.0,0.03,Mercedes-Benz,324000.0,64800.0,113400.0,145800.0,EU,0.2,0.35,0.45,0.2,14.23,925.0,165.2,152.8,66.53,573.5,11.6,171.2,8.0,19.5,45.0,6.0,8.5,75.0,6.0,8.0,6.0,1.5,65.0,75.0,3239732900000.0,98900000000.0,3.05,2.5,536268700000.0,48264183000.0,9.0,,,,,,98900000000.0,,2.8,104.0,4.5,276.0,2.8,104.0,276.0,4.545454545454541,0.5,4.092352291549871,94.0,2.0,3200.0,20000.0,11.7,9.1,18.0,5.0,3.05,9.0,1.8697370007710843,60.0,-0.3333333333333376,-0.6970966755769213,0.8378578224609625,-0.0641907288164321,-0.0641907288164321
2023,96862762.245,58318257951.0,0.03,Toyota,1696000.0,402800.0,593600.0,699600.0,Japan,0.2375,0.35,0.4125,0.2375,16.011,935.0,170.8,135.5,59.0,526.8,11.2,157.2,6.0,19.5,48.2,8.5,9.5,50.0,8.0,9.0,8.0,3.0,55.0,50.0,3076796400000.0,80300000000.0,2.61,2.3,427246600000.0,38472200000.0,9.0,,,,,,80300000000.0,,2.3,105.0,4.2,283.0,2.3,105.0,283.0,2.53623188405796,3.0,2.962230023486417,96.0,2.8,3500.0,25000.0,11.8,9.2,20.0,6.0,2.61,9.0,1.5795963540673963,58.0,0.3333333333333376,-0.0633724250524463,1.3166337210100838,0.528864876430325,0.528864876430325
2023,96862762.245,58318257951.0,0.03,Honda,1378000.0,327275.0,482300.0,568425.0,Japan,0.2375,0.35,0.4125,0.2375,16.011,935.0,170.8,135.5,59.0,526.8,11.2,157.2,6.0,19.5,48.2,8.5,9.5,50.0,8.0,9.0,8.0,3.0,55.0,50.0,3076796400000.0,80300000000.0,2.61,2.3,427246600000.0,38472200000.0,9.0,,,,,,80300000000.0,,2.3,105.0,4.2,283.0,2.3,105.0,283.0,2.53623188405796,3.0,2.962230023486417,96.0,2.8,3500.0,25000.0,11.8,9.2,20.0,6.0,2.61,9.0,1.5795963540673963,58.0,0.3333333333333376,-0.0633724250524463,1.3166337210100838,0.528864876430325,0.528864876430325
2023,96862762.245,58318257951.0,0.03,Nissan,1060000.0,251750.0,371000.0,437250.0,Japan,0.2375,0.35,0.4125,0.2375,16.011,935.0,170.8,135.5,59.0,526.8,11.2,157.2,6.0,19.5,48.2,8.5,9.5,50.0,8.0,9.0,8.0,3.0,55.0,50.0,3076796400000.0,80300000000.0,2.61,2.3,427246600000.0,38472200000.0,9.0,,,,,,80300000000.0,,2.3,105.0,4.2,283.0,2.3,105.0,283.0,2.53623188405796,3.0,2.962230023486417,96.0,2.8,3500.0,25000.0,11.8,9.2,20.0,6.0,2.61,9.0,1.5795963540673963,58.0,0.3333333333333376,-0.0633724250524463,1.3166337210100838,0.528864876430325,0.528864876430325
2023,96862762.245,58318257951.0,0.03,Ford,1272000.0,973080.0,127200.0,171720.0,US,0.765,0.1,0.135,0.765,16.011,935.0,170.8,135.5,59.0,526.8,11.2,157.2,6.0,19.5,48.2,8.5,9.5,50.0,8.0,9.0,8.0,3.0,55.0,50.0,3076796400000.0,80300000000.0,2.61,2.3,427246600000.0,38472200000.0,9.0,,,,,,80300000000.0,,2.3,105.0,4.2,283.0,2.3,105.0,283.0,2.53623188405796,3.0,2.962230023486417,96.0,2.8,3500.0,25000.0,11.8,9.2,20.0,6.0,2.61,9.0,1.5795963540673963,58.0,0.3333333333333376,-0.0633724250524463,1.3166337210100838,0.528864876430325,0.528864876430325
2023,96862762.245,58318257951.0,0.03,Chevrolet,1800000.0,1350000.0,180000.0,270000.0,US,0.75,0.1,0.15,0.75,16.011,935.0,170.8,135.5,59.0,526.8,11.2,157.2,6.0,19.5,48.2,8.5,9.5,50.0,8.0,9.0,8.0,3.0,55.0,50.0,3076796400000.0,80300000000.0,2.61,2.3,427246600000.0,38472200000.0,9.0,,,,,,80300000000.0,,2.3,105.0,4.2,283.0,2.3,105.0,283.0,2.53623188405796,3.0,2.962230023486417,96.0,2.8,3500.0,25000.0,11.8,9.2,20.0,6.0,2.61,9.0,1.5795963540673963,58.0,0.3333333333333376,-0.0633724250524463,1.3166337210100838,0.528864876430325,0.528864876430325
2023,96862762.245,58318257951.0,0.03,Hyundai,765000.0,153000.0,267750.0,344250.0,Korea,0.2,0.35,0.45,0.2,16.011,935.0,170.8,135.5,59.0,526.8,11.2,157.2,6.0,19.5,48.2,8.5,9.5,50.0,8.0,9.0,8.0,3.0,55.0,50.0,3076796400000.0,80300000000.0,2.61,2.3,427246600000.0,38472200000.0,9.0,,,,,,80300000000.0,,2.3,105.0,4.2,283.0,2.3,105.0,283.0,2.53623188405796,3.0,2.962230023486417,96.0,2.8,3500.0,25000.0,11.8,9.2,20.0,6.0,2.61,9.0,1.5795963540673963,58.0,0.3333333333333376,-0.0633724250524463,1.3166337210100838,0.528864876430325,0.528864876430325
2023,96862762.245,58318257951.0,0.03,Kia,626000.0,125200.0,219100.0,281700.0,Korea,0.2,0.35,0.45,0.2,16.011,935.0,170.8,135.5,59.0,526.8,11.2,157.2,6.0,19.5,48.2,8.5,9.5,50.0,8.0,9.0,8.0,3.0,55.0,50.0,3076796400000.0,80300000000.0,2.61,2.3,427246600000.0,38472200000.0,9.0,,,,,,80300000000.0,,2.3,105.0,4.2,283.0,2.3,105.0,283.0,2.53623188405796,3.0,2.962230023486417,96.0,2.8,3500.0,25000.0,11.8,9.2,20.0,6.0,2.61,9.0,1.5795963540673963,58.0,0.3333333333333376,-0.0633724250524463,1.3166337210100838,0.528864876430325,0.528864876430325
2023,96862762.245,58318257951.0,0.03,Subaru,608000.0,121600.0,212800.0,273600.0,Japan,0.2,0.35,0.45,0.2,16.011,935.0,170.8,135.5,59.0,526.8,11.2,157.2,6.0,19.5,48.2,8.5,9.5,50.0,8.0,9.0,8.0,3.0,55.0,50.0,3076796400000.0,80300000000.0,2.61,2.3,427246600000.0,38472200000.0,9.0,,,,,,80300000000.0,,2.3,105.0,4.2,283.0,2.3,105.0,283.0,2.53623188405796,3.0,2.962230023486417,96.0,2.8,3500.0,25000.0,11.8,9.2,20.0,6.0,2.61,9.0,1.5795963540673963,58.0,0.3333333333333376,-0.0633724250524463,1.3166337210100838,0.528864876430325,0.528864876430325
2023,96862762.245,58318257951.0,0.03,Mazda,321000.0,64200.0,112350.0,144450.0,Japan,0.2,0.35,0.45,0.2,16.011,935.0,170.8,135.5,59.0,526.8,11.2,157.2,6.0,19.5,48.2,8.5,9.5,50.0,8.0,9.0,8.0,3.0,55.0,50.0,3076796400000.0,80300000000.0,2.61,2.3,427246600000.0,38472200000.0,9.0,,,,,,80300000000.0,,2.3,105.0,4.2,283.0,2.3,105.0,283.0,2.53623188405796,3.0,2.962230023486417,96.0,2.8,3500.0,25000.0,11.8,9.2,20.0,6.0,2.61,9.0,1.5795963540673963,58.0,0.3333333333333376,-0.0633724250524463,1.3166337210100838,0.528864876430325,0.528864876430325
2023,96862762.245,58318257951.0,0.03,Volkswagen,335000.0,67000.0,117250.0,150750.0,EU,0.2,0.35,0.45,0.2,16.011,935.0,170.8,135.5,59.0,526.8,11.2,157.2,6.0,19.5,48.2,8.5,9.5,50.0,8.0,9.0,8.0,3.0,55.0,50.0,3076796400000.0,80300000000.0,2.61,2.3,427246600000.0,38472200000.0,9.0,,,,,,80300000000.0,,2.3,105.0,4.2,283.0,2.3,105.0,283.0,2.53623188405796,3.0,2.962230023486417,96.0,2.8,3500.0,25000.0,11.8,9.2,20.0,6.0,2.61,9.0,1.5795963540673963,58.0,0.3333333333333376,-0.0633724250524463,1.3166337210100838,0.528864876430325,0.528864876430325
2023,96862762.245,58318257951.0,0.03,BMW,332000.0,66400.0,116200.0,149400.0,EU,0.2,0.35,0.45,0.2,16.011,935.0,170.8,135.5,59.0,526.8,11.2,157.2,6.0,19.5,48.2,8.5,9.5,50.0,8.0,9.0,8.0,3.0,55.0,50.0,3076796400000.0,80300000000.0,2.61,2.3,427246600000.0,38472200000.0,9.0,,,,,,80300000000.0,,2.3,105.0,4.2,283.0,2.3,105.0,283.0,2.53623188405796,3.0,2.962230023486417,96.0,2.8,3500.0,25000.0,11.8,9.2,20.0,6.0,2.61,9.0,1.5795963540673963,58.0,0.3333333333333376,-0.0633724250524463,1.3166337210100838,0.528864876430325,0.528864876430325
2023,96862762.245,58318257951.0,0.03,Mercedes-Benz,329000.0,65800.0,115150.0,148050.0,EU,0.2,0.35,0.45,0.2,16.011,935.0,170.8,135.5,59.0,526.8,11.2,157.2,6.0,19.5,48.2,8.5,9.5,50.0,8.0,9.0,8.0,3.0,55.0,50.0,3076796400000.0,80300000000.0,2.61,2.3,427246600000.0,38472200000.0,9.0,,,,,,80300000000.0,,2.3,105.0,4.2,283.0,2.3,105.0,283.0,2.53623188405796,3.0,2.962230023486417,96.0,2.8,3500.0,25000.0,11.8,9.2,20.0,6.0,2.61,9.0,1.5795963540673963,58.0,0.3333333333333376,-0.0633724250524463,1.3166337210100838,0.528864876430325,0.528864876430325
2024,100883450.131,50578604543.0,0.054242424242424245,Toyota,1744000.0,436000.0,610400.0,697600.0,Japan,0.25,0.35,0.4,0.25,16.34,945.0,175.5,155.6,67.78,627.6,10.8,187.3,4.0,17.7,55.0,9.0,9.5,40.0,9.0,9.5,9.0,5.0,50.0,40.0,3266410200000.0,100000000000.0,3.06,2.5,438742000000.0,39486780000.0,9.0,,,,,,100000000000.0,,2.0,106.0,4.0,289.0,2.0,106.0,289.0,2.1201413427561766,5.0,2.816145155592091,98.0,3.5,3800.0,28000.0,11.9,9.3,23.0,8.0,3.06,9.0,2.138347494943006,55.0,1.0000000000000009,0.5703518254720399,2.034797568833766,1.2017164647686025,1.2017164647686025
2024,100883450.131,50578604543.0,0.054242424242424245,Honda,1417000.0,354250.0,495950.0,566800.0,Japan,0.25,0.35,0.4,0.25,16.34,945.0,175.5,155.6,67.78,627.6,10.8,187.3,4.0,17.7,55.0,9.0,9.5,40.0,9.0,9.5,9.0,5.0,50.0,40.0,3266410200000.0,100000000000.0,3.06,2.5,438742000000.0,39486780000.0,9.0,,,,,,100000000000.0,,2.0,106.0,4.0,289.0,2.0,106.0,289.0,2.1201413427561766,5.0,2.816145155592091,98.0,3.5,3800.0,28000.0,11.9,9.3,23.0,8.0,3.06,9.0,2.138347494943006,55.0,1.0000000000000009,0.5703518254720399,2.034797568833766,1.2017164647686025,1.2017164647686025
2024,100883450.131,50578604543.0,0.054242424242424245,Nissan,1090000.0,272500.0,381500.0,436000.0,Japan,0.25,0.35,0.4,0.25,16.34,945.0,175.5,155.6,67.78,627.6,10.8,187.3,4.0,17.7,55.0,9.0,9.5,40.0,9.0,9.5,9.0,5.0,50.0,40.0,3266410200000.0,100000000000.0,3.06,2.5,438742000000.0,39486780000.0,9.0,,,,,,100000000000.0,,2.0,106.0,4.0,289.0,2.0,106.0,289.0,2.1201413427561766,5.0,2.816145155592091,98.0,3.5,3800.0,28000.0,11.9,9.3,23.0,8.0,3.06,9.0,2.138347494943006,55.0,1.0000000000000009,0.5703518254720399,2.034797568833766,1.2017164647686025,1.2017164647686025
2024,100883450.131,50578604543.0,0.054242424242424245,Ford,1308000.0,1007160.0,130800.0,170040.0,US,0.77,0.1,0.13,0.77,16.34,945.0,175.5,155.6,67.78,627.6,10.8,187.3,4.0,17.7,55.0,9.0,9.5,40.0,9.0,9.5,9.0,5.0,50.0,40.0,3266410200000.0,100000000000.0,3.06,2.5,438742000000.0,39486780000.0,9.0,,,,,,100000000000.0,,2.0,106.0,4.0,289.0,2.0,106.0,289.0,2.1201413427561766,5.0,2.816145155592091,98.0,3.5,3800.0,28000.0,11.9,9.3,23.0,8.0,3.06,9.0,2.138347494943006,55.0,1.0000000000000009,0.5703518254720399,2.034797568833766,1.2017164647686025,1.2017164647686025
2024,100883450.131,50578604543.0,0.054242424242424245,Chevrolet,1840000.0,1380000.0,184000.0,276000.0,US,0.75,0.1,0.15,0.75,16.34,945.0,175.5,155.6,67.78,627.6,10.8,187.3,4.0,17.7,55.0,9.0,9.5,40.0,9.0,9.5,9.0,5.0,50.0,40.0,3266410200000.0,100000000000.0,3.06,2.5,438742000000.0,39486780000.0,9.0,,,,,,100000000000.0,,2.0,106.0,4.0,289.0,2.0,106.0,289.0,2.1201413427561766,5.0,2.816145155592091,98.0,3.5,3800.0,28000.0,11.9,9.3,23.0,8.0,3.06,9.0,2.138347494943006,55.0,1.0000000000000009,0.5703518254720399,2.034797568833766,1.2017164647686025,1.2017164647686025
2024,100883450.131,50578604543.0,0.054242424242424245,Hyundai,780000.0,156000.0,273000.0,351000.0,Korea,0.2,0.35,0.45,0.2,16.34,945.0,175.5,155.6,67.78,627.6,10.8,187.3,4.0,17.7,55.0,9.0,9.5,40.0,9.0,9.5,9.0,5.0,50.0,40.0,3266410200000.0,100000000000.0,3.06,2.5,438742000000.0,39486780000.0,9.0,,,,,,100000000000.0,,2.0,106.0,4.0,289.0,2.0,106.0,289.0,2.1201413427561766,5.0,2.816145155592091,98.0,3.5,3800.0,28000.0,11.9,9.3,23.0,8.0,3.06,9.0,2.138347494943006,55.0,1.0000000000000009,0.5703518254720399,2.034797568833766,1.2017164647686025,1.2017164647686025
2024,100883450.131,50578604543.0,0.054242424242424245,Kia,638000.0,127600.0,223300.0,287100.0,Korea,0.2,0.35,0.45,0.2,16.34,945.0,175.5,155.6,67.78,627.6,10.8,187.3,4.0,17.7,55.0,9.0,9.5,40.0,9.0,9.5,9.0,5.0,50.0,40.0,3266410200000.0,100000000000.0,3.06,2.5,438742000000.0,39486780000.0,9.0,,,,,,100000000000.0,,2.0,106.0,4.0,289.0,2.0,106.0,289.0,2.1201413427561766,5.0,2.816145155592091,98.0,3.5,3800.0,28000.0,11.9,9.3,23.0,8.0,3.06,9.0,2.138347494943006,55.0,1.0000000000000009,0.5703518254720399,2.034797568833766,1.2017164647686025,1.2017164647686025
2024,100883450.131,50578604543.0,0.054242424242424245,Subaru,622000.0,124400.0,217700.0,279900.0,Japan,0.2,0.35,0.45,0.2,16.34,945.0,175.5,155.6,67.78,627.6,10.8,187.3,4.0,17.7,55.0,9.0,9.5,40.0,9.0,9.5,9.0,5.0,50.0,40.0,3266410200000.0,100000000000.0,3.06,2.5,438742000000.0,39486780000.0,9.0,,,,,,100000000000.0,,2.0,106.0,4.0,289.0,2.0,106.0,289.0,2.1201413427561766,5.0,2.816145155592091,98.0,3.5,3800.0,28000.0,11.9,9.3,23.0,8.0,3.06,9.0,2.138347494943006,55.0,1.0000000000000009,0.5703518254720399,2.034797568833766,1.2017164647686025,1.2017164647686025
2024,100883450.131,50578604543.0,0.054242424242424245,Mazda,327000.0,65400.0,114450.0,147150.0,Japan,0.2,0.35,0.45,0.2,16.34,945.0,175.5,155.6,67.78,627.6,10.8,187.3,4.0,17.7,55.0,9.0,9.5,40.0,9.0,9.5,9.0,5.0,50.0,40.0,3266410200000.0,100000000000.0,3.06,2.5,438742000000.0,39486780000.0,9.0,,,,,,100000000000.0,,2.0,106.0,4.0,289.0,2.0,106.0,289.0,2.1201413427561766,5.0,2.816145155592091,98.0,3.5,3800.0,28000.0,11.9,9.3,23.0,8.0,3.06,9.0,2.138347494943006,55.0,1.0000000000000009,0.5703518254720399,2.034797568833766,1.2017164647686025,1.2017164647686025
2024,100883450.131,50578604543.0,0.054242424242424245,Volkswagen,340000.0,68000.0,119000.0,153000.0,EU,0.2,0.35,0.45,0.2,16.34,945.0,175.5,155.6,67.78,627.6,10.8,187.3,4.0,17.7,55.0,9.0,9.5,40.0,9.0,9.5,9.0,5.0,50.0,40.0,3266410200000.0,100000000000.0,3.06,2.5,438742000000.0,39486780000.0,9.0,,,,,,100000000000.0,,2.0,106.0,4.0,289.0,2.0,106.0,289.0,2.1201413427561766,5.0,2.816145155592091,98.0,3.5,3800.0,28000.0,11.9,9.3,23.0,8.0,3.06,9.0,2.138347494943006,55.0,1.0000000000000009,0.5703518254720399,2.034797568833766,1.2017164647686025,1.2017164647686025
2024,100883450.131,50578604543.0,0.054242424242424245,BMW,337000.0,67400.0,117950.0,151650.0,EU,0.2,0.35,0.45,0.2,16.34,945.0,175.5,155.6,67.78,627.6,10.8,187.3,4.0,17.7,55.0,9.0,9.5,40.0,9.0,9.5,9.0,5.0,50.0,40.0,3266410200000.0,100000000000.0,3.06,2.5,438742000000.0,39486780000.0,9.0,,,,,,100000000000.0,,2.0,106.0,4.0,289.0,2.0,106.0,289.0,2.1201413427561766,5.0,2.816145155592091,98.0,3.5,3800.0,28000.0,11.9,9.3,23.0,8.0,3.06,9.0,2.138347494943006,55.0,1.0000000000000009,0.5703518254720399,2.034797568833766,1.2017164647686025,1.2017164647686025
2024,100883450.131,50578604543.0,0.054242424242424245,Mercedes-Benz,334000.0,66800.0,116900.0,150200.0,EU,0.2,0.35,0.4497005988023952,0.2,16.34,945.0,175.5,155.6,67.78,627.6,10.8,187.3,4.0,17.7,55.0,9.0,9.5,40.0,9.0,9.5,9.0,5.0,50.0,40.0,3266410200000.0,100000000000.0,3.06,2.5,438742000000.0,39486780000.0,9.0,,,,,,100000000000.0,,2.0,106.0,4.0,289.0,2.0,106.0,289.0,2.1201413427561766,5.0,2.816145155592091,98.0,3.5,3800.0,28000.0,11.9,9.3,23.0,8.0,3.06,9.0,2.138347494943006,55.0,1.0000000000000009,0.5703518254720399,2.034797568833766,1.2017164647686025,1.2017164647686025
2025,99000000.0,45608000000.0,0.2808,,,,,,,,,,,,,,,,,,,,,,,,,,,,,,,,,,,,,,,,,,,,,,,,,,,,,,,,,,,,,,,,,,,,,,,
